university_name,country,city,qs_ranking,degree_level,programs_offered,fields,min_gpa,gre_required,min_gre,ielts_min,toefl_min,duolingo_min,research_weight,research_focus,has_thesis_option,eca_weight,tuition_fee,living_cost,total_cost_estimated,scholarship_available,max_coverage_percent,work_visa_available,deadline_fall,deadline_spring,acceptance_rate,bd_admit_count_3yr,last_updated,source_url
University of Oxford,United Kingdom,,4,Graduate,"computer science, engineering, medicine, law, economics, humanities","computer science, economics, engineering, humanities, law, medicine, mechanical engineering, electrical engineering, civil engineering, chemical engineering, biomedical engineering",3.7,0,,7.0,94,120,5.0,"Humanities & Social Sciences, Biomedical Sciences, Climate & Environmental Science, AI & Quantum",1,5,45000,17907,62907,1,100,1,January 20,,17.5,,2026-04-29,
Massachusetts Institute of Technology,United States,,1,Graduate,"engineering, computer science, physics, biology, management, architecture","architecture, biology, computer science, engineering, management, physics, mechanical engineering, electrical engineering, chemical engineering, aerospace engineering, industrial engineering",3.8,1,325.0,7.0,94,120,5.0,"AI & Machine Learning, Robotics, Biotechnology, Quantum Computing, Sustainable Energy",1,5,59000,14993,73993,1,100,1,December 15,,4.0,,2026-04-29,
Harvard University,United States,,5,Graduate,"medicine, law, business, social sciences, biology, public policy","biology, business, law, medicine, public policy, social sciences",3.8,1,322.0,7.0,94,120,5.0,"Biomedical Research, Global Health, Economics, AI Ethics & Policy",1,5,54000,10603,64603,1,100,0,December 15,,3.2,,2026-04-29,
Princeton University,United States,,22,Graduate,"physics, mathematics, economics, politics, engineering, public affairs","economics, engineering, mathematics, physics, politics, public affairs, mechanical engineering, electrical engineering, civil engineering, biomedical engineering",3.9,1,320.0,7.0,94,120,5.0,"Theoretical Physics, Macroeconomics, Public Policy, Quantum Science",1,5,59000,13802,72802,1,100,0,December 15,,5.7,,2026-04-29,
University of Cambridge,United Kingdom,,6,Graduate,"engineering, medicine, computer science, natural sciences, law, business","business, computer science, engineering, law, medicine, natural sciences, mechanical engineering, electrical engineering, civil engineering, chemical engineering, aerospace engineering",3.7,0,,7.0,94,120,5.0,"Astrophysics, Biosciences, History & Archaeology, Materials Science",1,5,42000,10623,52623,1,100,0,January 7,,21.0,,2026-04-29,
Stanford University,United States,,3,Graduate,"computer science, engineering, business, medicine, law, humanities","business, computer science, engineering, humanities, law, medicine, mechanical engineering, electrical engineering, civil engineering, chemical engineering, biomedical engineering",3.8,1,325.0,7.0,94,120,5.0,"AI & Entrepreneurship, Biotech & Genomics, Sustainable Energy, Neuroscience",1,5,57000,10575,67575,1,100,1,December 1,,3.9,,2026-04-29,
California Institute of Technology,United States,,10,Graduate,"physics, engineering, biology, chemistry, computer science","biology, chemistry, computer science, engineering, physics, mechanical engineering, electrical engineering, civil engineering, aerospace engineering, biomedical engineering, industrial engineering",3.9,1,330.0,7.0,94,120,5.0,"Space Science & Astronomy, Quantum Physics, Neuroscience, Materials Science",1,5,63000,19137,82137,1,100,0,December 15,,3.0,,2026-04-29,
"University of California, Berkeley",United States,,12,Graduate,"computer science, engineering, business, economics, physics, environmental science","business, computer science, economics, engineering, environmental science, physics, mechanical engineering, electrical engineering, chemical engineering, biomedical engineering, industrial engineering",3.7,1,320.0,6.5,79,110,5.0,"AI & Data Science, Renewable Energy, Social Justice & Policy, Neuroscience",1,5,34000,18184,52184,1,100,1,December 8,,11.6,,2026-04-29,
Imperial College London,United Kingdom,,2,Graduate,"engineering, medicine, computer science, business, physics","business, computer science, engineering, medicine, physics, mechanical engineering, electrical engineering, civil engineering, aerospace engineering, biomedical engineering, industrial engineering",3.7,0,,7.0,94,120,5.0,"AI & Data Science, Climate Change, Biomedical Engineering, Materials",1,5,48000,8353,56353,1,100,0,March 31,,11.0,,2026-04-29,
Yale University,United States,,16,Graduate,"law, medicine, business, environmental studies, arts & humanities","arts and humanities, business, environmental studies, law, medicine",3.8,1,322.0,7.0,94,120,5.0,"Public Health, Climate Science, Law & Policy, Global Affairs",1,5,59000,13893,72893,1,100,0,January 2,,4.6,,2026-04-29,
ETH Zurich,Switzerland,,7,Graduate,"engineering, computer science, physics, mathematics, biology","biology, computer science, engineering, mathematics, physics, mechanical engineering, electrical engineering, civil engineering, biomedical engineering, industrial engineering",3.6,1,315.0,6.5,79,110,5.0,"Robotics & AI, Quantum Technologies, Climate & Sustainability, Materials Science",1,3,1800,9989,11789,1,100,1,December 15,,27.0,,2026-04-29,
Tsinghua University,China,,14,Graduate,"engineering, computer science, business, economics, architecture","architecture, business, computer science, economics, engineering, mechanical engineering, electrical engineering, chemical engineering",3.7,1,320.0,6.5,79,110,5.0,"AI & Advanced Manufacturing, Renewable Energy, Biotech, Urban Planning",1,3,28000,12889,40889,1,100,0,March 15,,6.0,,2026-04-29,
Peking University,China,,18,Graduate,"medicine, law, business, social sciences, humanities","business, humanities, law, medicine, social sciences",3.7,1,318.0,6.5,79,110,5.0,"Biomedical Research, International Relations, Economics, AI Ethics",1,3,25000,16865,41865,1,100,1,March 1,,7.0,,2026-04-29,
The University of Chicago,United States,,11,Graduate,"business, economics, law, social sciences, physical sciences","business, economics, law, physical sciences, social sciences",3.8,1,325.0,7.0,94,120,5.0,"Economics & Finance, Public Policy, Quantum Science, Biomedical",1,5,62000,8399,70399,1,100,1,January 4,,5.4,,2026-04-29,
University of Pennsylvania,United States,,12,Graduate,"business, medicine, law, engineering, social sciences","business, engineering, law, medicine, social sciences, mechanical engineering, electrical engineering, civil engineering, chemical engineering",3.8,1,322.0,7.0,94,120,2.0,"Healthcare Innovation, Finance & Entrepreneurship, Neuroscience, Social Policy",0,5,57000,19447,76447,1,100,0,December 15,,6.5,,2026-04-29,
Johns Hopkins University,United States,,16,Graduate,"medicine, public health, engineering, biology, international relations","biology, engineering, international relations, medicine, public health, mechanical engineering, electrical engineering, civil engineering",3.7,1,325.0,7.0,94,120,5.0,"Biomedical Research, Global Health, AI in Medicine, Neuroscience",1,5,61000,8101,69101,1,100,1,December 15,October 15,6.3,,2026-04-29,
National University of Singapore,Singapore,,8,Graduate,"engineering, computer science, business, medicine, law","business, computer science, engineering, law, medicine, mechanical engineering, electrical engineering, civil engineering, biomedical engineering, industrial engineering",3.6,1,320.0,6.5,79,110,5.0,"AI & Smart Systems, Biomedical Engineering, Sustainable Urban Solutions",1,3,27000,16370,43370,1,100,0,March 15,,7.2,,2026-04-29,
Columbia University,United States,,23,Graduate,"journalism, law, business, engineering, international affairs","business, engineering, international affairs, journalism, law, mechanical engineering, electrical engineering, civil engineering, biomedical engineering, industrial engineering",3.7,1,325.0,7.0,94,120,5.0,"Climate & Sustainability, Data Science, Global Health, Finance",1,5,65000,9670,74670,1,100,1,January 5,October 1,3.7,,2026-04-29,
"University of California, Los Angeles",United States,,29,Graduate,"film & media, engineering, business, medicine, environmental science","business, engineering, environmental science, film and media, medicine, mechanical engineering, electrical engineering, civil engineering, chemical engineering, biomedical engineering, industrial engineering",3.7,1,320.0,6.5,79,110,5.0,"Film & Entertainment, AI & Data Science, Environmental Science, Biotech",1,5,33000,13372,46372,1,100,0,December 1,,8.8,,2026-04-29,
Cornell University,United States,,20,Graduate,"engineering, hotel management, law, agriculture, computer science","agriculture, computer science, engineering, hotel management, law, mechanical engineering, electrical engineering, civil engineering, chemical engineering",3.7,1,320.0,7.0,94,120,5.0,"AI & Robotics, Sustainable Agriculture, Hotel & Tourism Management",1,5,61000,18417,79417,1,100,0,December 15,,7.3,,2026-04-29,
University of Toronto,Canada,,29,Graduate,"engineering, computer science, medicine, business, law","business, computer science, engineering, law, medicine, mechanical engineering, electrical engineering, civil engineering",3.6,1,324.0,6.5,79,110,5.0,"AI & Quantum, Biomedical, Climate Change",1,5,26964,14944,41908,1,100,0,January 15,,43.0,,2026-04-29,
UCL,United Kingdom,,9,Graduate,"engineering, medicine, computer science, law, social sciences","computer science, engineering, law, medicine, social sciences, mechanical engineering, electrical engineering, civil engineering, chemical engineering",3.7,0,,7.0,94,120,5.0,"Neuroscience, AI, Global Health",1,5,35000,19723,54723,1,100,1,March 28,,36.0,,2026-04-29,
University of Michigan - Ann Arbor,United States,,33,Graduate,"engineering, business, medicine, law, social sciences","business, engineering, law, medicine, social sciences, mechanical engineering, electrical engineering, civil engineering, chemical engineering, aerospace engineering, biomedical engineering",3.7,1,320.0,6.5,79,110,3.0,"Autonomous Vehicles, Data Science, Public Health",1,5,52000,18447,70447,1,100,1,December 15,,17.7,,2026-04-29,
Carnegie Mellon University,United States,,52,Graduate,"computer science, engineering, robotics, business","business, computer science, engineering, robotics, mechanical engineering, electrical engineering, civil engineering, chemical engineering, aerospace engineering",3.7,1,325.0,7.0,94,120,5.0,"AI, Cybersecurity, Robotics",1,5,59000,19146,78146,1,50,0,December 10,,11.0,,2026-04-29,
University of Washington,United States,,63,Graduate,"computer science, engineering, medicine, environmental science","computer science, engineering, environmental science, medicine, mechanical engineering, electrical engineering, civil engineering, industrial engineering",3.6,1,315.0,6.5,79,110,3.0,"Big Data, Climate, Health Informatics",1,5,31000,10286,41286,1,50,0,,,47.0,,2026-04-29,
Technical University of Munich,Germany,,28,Graduate,"engineering, computer science, physics, management","computer science, engineering, management, physics, mechanical engineering, electrical engineering, civil engineering, biomedical engineering",3.4,1,310.0,6.5,79,110,5.0,"AI, Sustainable Mobility, Quantum",1,2,3000,12732,15732,1,100,1,May 31,November 30,8.0,,2026-04-29,
Duke University,United States,,25,Graduate,"medicine, law, business, engineering","business, engineering, law, medicine, mechanical engineering, electrical engineering, civil engineering, chemical engineering, biomedical engineering",3.8,1,322.0,7.0,94,120,3.0,"Biomedicine, Environmental Policy",1,5,62000,9476,71476,1,100,1,December 15,,5.7,,2026-04-29,
The University of Tokyo,Japan,,32,Graduate,"engineering, medicine, law, sciences","engineering, law, medicine, sciences, mechanical engineering, electrical engineering, civil engineering, chemical engineering",3.6,1,315.0,6.0,60,100,5.0,"Robotics, Materials, Disaster Science",1,3,5000,17516,22516,1,100,0,January 15,August 31,20.0,,2026-04-29,
University of Edinburgh,United Kingdom,,27,Graduate,"medicine, informatics, social sciences","informatics, medicine, social sciences",3.6,0,,6.5,79,110,5.0,"AI, Climate, Data Science",1,5,36777,11859,48636,1,100,1,March 31,,41.0,,2026-04-29,
Nanyang Technological University Singapore,Singapore,,15,Graduate,"engineering, business, medicine","business, engineering, medicine, mechanical engineering, electrical engineering, civil engineering, aerospace engineering, industrial engineering",3.6,1,315.0,6.5,79,110,5.0,"AI, Sustainability, Materials",1,3,22000,19569,41569,1,100,0,January 31,,25.0,,2026-04-29,
Northwestern University,United States,,50,Graduate,"business, medicine, law, engineering","business, engineering, law, medicine, mechanical engineering, electrical engineering, civil engineering, chemical engineering, biomedical engineering, industrial engineering",3.8,1,322.0,7.0,94,120,3.0,"Materials Science, Neuroscience",1,5,61000,15568,76568,1,100,1,December 15,,7.0,,2026-04-29,
École Polytechnique Fédérale de Lausanne,Switzerland,,22,Graduate,"engineering, computer science, life sciences","computer science, engineering, life sciences, mechanical engineering, electrical engineering, civil engineering, chemical engineering, aerospace engineering",3.6,1,310.0,6.5,79,110,5.0,"Robotics, Energy, Neuroscience",1,3,1800,15755,17555,1,100,0,,,12.0,,2026-04-29,
New York University,United States,,43,Graduate,"business, law, computer science, arts","arts, business, computer science, law",3.7,1,320.0,7.0,94,120,5.0,"AI Ethics, Finance, Urban Studies",1,5,58000,9111,67111,1,100,0,December 15,November 1,8.0,,2026-04-29,
University of California San Diego,United States,,62,Graduate,"engineering, medicine, biology, computer science","biology, computer science, engineering, medicine, mechanical engineering, electrical engineering, aerospace engineering, biomedical engineering",3.6,1,320.0,6.5,79,110,5.0,"Biotech, Climate, AI",1,5,34000,13693,47693,1,50,0,,,24.0,,2026-04-29,
University of Hong Kong,Hong Kong,,26,Graduate,"medicine, law, engineering, business","business, engineering, law, medicine, mechanical engineering, electrical engineering, biomedical engineering, industrial engineering",3.6,1,310.0,6.5,79,110,5.0,"AI, Biomedicine, Law",1,3,22000,8711,30711,1,100,0,December 31,,12.0,,2026-04-29,
Fudan University,China,,44,Graduate,"medicine, business, social sciences","business, medicine, social sciences",3.6,1,315.0,6.0,60,100,5.0,"AI, Finance, Public Health",1,3,25000,16190,41190,1,100,1,March 31,,6.0,,2026-04-29,
King’s College London,United Kingdom,,40,Graduate,"medicine, law, business, humanities","business, humanities, law, medicine",3.6,0,,7.0,94,120,3.0,"Neuroscience, Global Health",1,5,38000,13357,51357,1,100,1,,,17.0,,2026-04-29,
LMU Munich,Germany,,59,Graduate,"medicine, law, business, sciences","business, law, medicine, sciences",3.4,1,310.0,6.5,79,110,5.0,"Biomedicine, AI",1,2,3000,12613,15613,1,50,1,,,10.0,,2026-04-29,
University of Melbourne,Australia,,13,Graduate,"medicine, engineering, business","business, engineering, medicine, mechanical engineering, electrical engineering, civil engineering, aerospace engineering, biomedical engineering",3.5,0,,6.5,79,110,5.0,"AI, Climate, Health",1,3,31284,10837,42121,1,100,1,October 31,May 31,19.7,,2026-04-29,
Georgia Institute of Technology,United States,,97,Graduate,"engineering, computer science, business","business, computer science, engineering, mechanical engineering, electrical engineering, civil engineering, industrial engineering",3.6,1,320.0,6.5,79,110,5.0,"AI, Robotics, Sustainability",1,5,33000,14662,47662,1,50,1,,,17.0,,2026-04-29,
University of British Columbia,Canada,,38,Graduate,"engineering, medicine, business","business, engineering, medicine, mechanical engineering, electrical engineering, civil engineering, biomedical engineering",3.5,1,315.0,6.5,79,110,5.0,"Climate, AI, Biomed",1,5,28000,14463,42463,1,100,1,January 15,,44.0,,2026-04-29,
Paris Sciences et Lettres – PSL Research University,France,,24,Graduate,"sciences, humanities, engineering","engineering, humanities, sciences, mechanical engineering, electrical engineering, civil engineering, aerospace engineering",3.5,0,,6.5,79,110,5.0,"Physics, Social Sciences",1,3,3000,10108,13108,1,100,0,,,10.0,,2026-04-29,
KU Leuven,Belgium,,61,Graduate,"engineering, medicine, sciences","engineering, medicine, sciences, mechanical engineering, electrical engineering, civil engineering, chemical engineering, biomedical engineering",3.4,1,310.0,6.5,79,110,5.0,"AI, Biomed",1,3,6000,19253,25253,1,50,1,,,15.0,,2026-04-29,
The Chinese University of Hong Kong,Hong Kong,,36,Graduate,"medicine, business, engineering","business, engineering, medicine, mechanical engineering, electrical engineering, chemical engineering, biomedical engineering",3.5,1,310.0,6.5,79,110,5.0,"AI, Health",1,3,18000,8810,26810,1,100,0,February 28,,9.0,,2026-04-29,
McGill University,Canada,,29,Graduate,"medicine, law, engineering","engineering, law, medicine, mechanical engineering, electrical engineering, civil engineering, biomedical engineering",3.5,1,315.0,6.5,79,110,5.0,"Neuroscience, AI",1,5,22000,14469,36469,1,100,1,January 15,,46.0,,2026-04-29,
University of Illinois at Urbana-Champaign,United States,,64,Graduate,"engineering, computer science, business","business, computer science, engineering, mechanical engineering, electrical engineering, civil engineering, biomedical engineering, industrial engineering",3.6,1,315.0,6.5,79,110,5.0,"AI, Materials",1,5,34000,13830,47830,1,50,0,,,44.0,,2026-04-29,
Universität Heidelberg,Germany,,84,Graduate,"medicine, sciences, humanities","humanities, medicine, sciences",3.3,1,310.0,6.5,79,110,5.0,"Cancer Research, AI",1,2,3000,19073,22073,1,50,1,,,12.0,,2026-04-29,
Zhejiang University,China,,47,Graduate,"engineering, medicine, sciences","engineering, medicine, sciences, mechanical engineering, electrical engineering, civil engineering, industrial engineering",3.6,1,315.0,6.0,60,100,5.0,"AI, Biotech",1,3,25000,19336,44336,1,100,0,,,8.0,,2026-04-29,
Karolinska Institute,Sweden,,6,Graduate,"medicine, public health","medicine, public health",3.4,0,,6.5,79,110,5.0,"Biomedical, Global Health",1,3,20000,9165,29165,1,100,0,January 15,,3.9,,2026-04-29,
London School of Economics and Political Science,United Kingdom,,45,Graduate,"economics, politics, law, social sciences","economics, law, politics, social sciences",3.7,0,,7.0,94,120,3.0,"Economics, Public Policy",1,5,32000,14391,46391,1,100,0,January 12,,9.0,,2026-04-29,
University of Texas at Austin,United States,,58,Graduate,"engineering, business, computer science","business, computer science, engineering, mechanical engineering, electrical engineering, chemical engineering, aerospace engineering, biomedical engineering",3.5,1,315.0,6.5,79,110,5.0,"AI, Energy",1,5,22000,17135,39135,1,50,0,,,29.0,,2026-04-29,
Shanghai Jiao Tong University,China,,43,Graduate,"engineering, medicine, business","business, engineering, medicine, mechanical engineering, electrical engineering, civil engineering, chemical engineering, aerospace engineering",3.5,1,315.0,6.0,60,100,5.0,"AI, Robotics",1,3,28000,8775,36775,1,100,1,March 15,,7.0,,2026-04-29,
University of Manchester,United Kingdom,,34,Graduate,"engineering, medicine, business","business, engineering, medicine, mechanical engineering, electrical engineering, chemical engineering, aerospace engineering, industrial engineering",3.5,0,,6.5,79,110,5.0,"Materials, AI",1,5,37000,12532,49532,1,100,1,March 31,,51.0,,2026-04-29,
University of Science and Technology of China,China,,47,Graduate,"sciences, engineering","engineering, sciences, mechanical engineering, electrical engineering, chemical engineering",3.6,1,315.0,6.0,60,100,5.0,"Quantum, AI",1,3,28000,9834,37834,1,100,1,,,5.0,,2026-04-29,
Kyoto University,Japan,,46,Graduate,"medicine, engineering, sciences","engineering, medicine, sciences, mechanical engineering, electrical engineering, civil engineering, chemical engineering, biomedical engineering, industrial engineering",3.5,1,315.0,6.0,60,100,3.0,"Biotech, Materials",1,3,5000,14516,19516,1,100,1,February 14,August 31,18.0,,2026-04-29,
Delft University of Technology,Netherlands,,49,Graduate,"engineering, architecture","architecture, engineering, mechanical engineering, electrical engineering, chemical engineering, aerospace engineering, industrial engineering",3.4,0,,6.5,79,110,5.0,"Sustainable Engineering, AI",1,3,22000,17465,39465,1,100,1,April 1,,65.0,,2026-04-29,
University of Wisconsin-Madison,United States,,83,Graduate,"engineering, business, sciences","business, engineering, sciences, mechanical engineering, electrical engineering, civil engineering, chemical engineering",3.5,1,315.0,6.5,79,110,3.0,"Data Science, Climate",1,5,26000,12335,38335,1,50,1,,,49.0,,2026-04-29,
Brown University,United States,,79,Graduate,"medicine, engineering, computer science","computer science, engineering, medicine, mechanical engineering, electrical engineering, civil engineering, chemical engineering, aerospace engineering, biomedical engineering",3.7,1,320.0,7.0,94,120,5.0,"Neuroscience, AI",1,5,63000,13739,76739,1,50,1,,,5.2,,2026-04-29,
Monash University,Australia,,37,Graduate,"medicine, engineering, business","business, engineering, medicine, mechanical engineering, electrical engineering, civil engineering, chemical engineering, biomedical engineering",3.4,0,,6.5,79,110,5.0,"AI, Sustainability",1,3,32000,8084,40084,1,100,1,October 31,May 31,28.0,,2026-04-29,
University of Amsterdam,Netherlands,,55,Graduate,"social sciences, economics, computer science","computer science, economics, social sciences",3.4,0,,6.5,79,110,5.0,"AI Ethics, Economics",1,3,15000,9417,24417,1,50,1,,,4.0,,2026-04-29,
The University of Sydney,Australia,,18,Graduate,"medicine, engineering, business","business, engineering, medicine, mechanical engineering, electrical engineering, civil engineering, industrial engineering",3.5,0,,6.5,79,110,5.0,"Health, AI",1,3,35000,16098,51098,1,100,0,November 30,May 31,30.0,,2026-04-29,
Seoul National University,South Korea,,31,Graduate,"engineering, medicine, business","business, engineering, medicine, mechanical engineering, electrical engineering, civil engineering, chemical engineering",3.5,1,310.0,6.0,60,100,5.0,"AI, Biotech",1,3,6000,16084,22084,1,100,1,March 31,September 30,15.0,,2026-04-29,
University of California Davis,United States,,118,Graduate,"agriculture, engineering, medicine","agriculture, engineering, medicine, mechanical engineering, electrical engineering, chemical engineering",3.5,1,315.0,6.5,79,110,5.0,"Food Science, AI",1,5,29000,8888,37888,1,50,0,,,37.0,,2026-04-29,
Université Paris-Saclay,France,,69,Graduate,"sciences, engineering","engineering, sciences, mechanical engineering, electrical engineering, civil engineering, chemical engineering, aerospace engineering",3.4,0,,6.0,60,100,5.0,"Physics, AI",1,3,3000,15578,18578,1,50,0,,,10.0,,2026-04-29,
Nanjing University,China,,141,Graduate,"sciences, engineering","engineering, sciences, mechanical engineering, electrical engineering, civil engineering, aerospace engineering, biomedical engineering, industrial engineering",3.5,1,310.0,6.0,60,100,5.0,"Materials, AI",1,3,25000,17122,42122,1,50,1,,,9.0,,2026-04-29,
The Hong Kong University of Science and Technology,Hong Kong,,47,Graduate,"engineering, business","business, engineering, mechanical engineering, electrical engineering, civil engineering, chemical engineering, biomedical engineering",3.5,1,310.0,6.5,79,110,5.0,"AI, Sustainability",1,3,18000,13907,31907,1,100,0,February 1,,10.0,,2026-04-29,
University of California Santa Barbara,United States,,178,Graduate,"engineering, sciences","engineering, sciences, mechanical engineering, electrical engineering, civil engineering, biomedical engineering",3.5,1,315.0,6.5,79,110,5.0,"Materials, Physics",1,5,34000,10397,44397,1,50,1,,,29.0,,2026-04-29,
Wageningen University & Research,Netherlands,,151,Graduate,"agriculture, environmental science","agriculture, environmental science",3.3,0,,6.5,79,110,5.0,"Food, Sustainability",1,3,19000,11128,30128,1,50,1,,,50.0,,2026-04-29,
Washington University in St Louis,United States,,108,Graduate,"medicine, engineering, business","business, engineering, medicine, mechanical engineering, electrical engineering, civil engineering, chemical engineering, biomedical engineering",3.7,1,320.0,7.0,94,120,5.0,"Biomed, AI",1,5,58000,13036,71036,1,50,1,,,11.0,,2026-04-29,
University of North Carolina at Chapel Hill,United States,,132,Graduate,"medicine, public health, business","business, medicine, public health",3.5,1,315.0,6.5,79,110,5.0,"Health, AI",1,5,37000,14155,51155,1,50,0,,,17.0,,2026-04-29,
Institut Polytechnique de Paris,France,,46,Graduate,"engineering, sciences","engineering, sciences, mechanical engineering, electrical engineering, civil engineering, chemical engineering",3.5,0,,6.5,79,110,5.0,"Math, AI",1,3,3000,18319,21319,1,100,0,,,10.0,,2026-04-29,
University of Southern California,United States,,80,Graduate,"engineering, business, cinema","business, cinema, engineering, mechanical engineering, electrical engineering, civil engineering",3.6,1,320.0,7.0,94,120,5.0,"AI, Entertainment",1,5,58000,12783,70783,1,50,0,,,12.0,,2026-04-29,
Australian National University,Australia,,30,Graduate,"sciences, law, engineering","engineering, law, sciences, mechanical engineering, electrical engineering, civil engineering, biomedical engineering, industrial engineering",3.4,0,,6.5,79,110,3.0,"Climate, Policy",1,3,32000,18432,50432,1,100,1,December 15,May 31,35.0,,2026-04-29,
Leiden University,Netherlands,,126,Graduate,"law, medicine, sciences","law, medicine, sciences",3.4,0,,6.5,79,110,5.0,"Bio, AI",1,3,20000,11491,31491,1,50,0,,,47.0,,2026-04-29,
Boston University,United States,,93,Graduate,"medicine, engineering, business","business, engineering, medicine, mechanical engineering, electrical engineering, civil engineering, chemical engineering, biomedical engineering",3.6,1,320.0,7.0,94,120,5.0,"Health, AI",1,5,58000,13271,71271,1,50,0,,,14.0,,2026-04-29,
Sorbonne University,France,,63,Graduate,"medicine, sciences, humanities","humanities, medicine, sciences",3.4,0,,6.0,60,100,5.0,"Physics, History",1,3,3000,12363,15363,1,50,1,,,15.0,,2026-04-29,
The University of Queensland,Australia,,40,Graduate,"medicine, engineering, business","business, engineering, medicine, mechanical engineering, electrical engineering, civil engineering, biomedical engineering",3.4,0,,6.5,79,110,3.0,"Health, Mining",1,3,31000,14161,45161,1,100,0,November 30,May 31,30.0,,2026-04-29,
City University of Hong Kong,Hong Kong,,53,Graduate,"engineering, business, law","business, engineering, law, mechanical engineering, electrical engineering, civil engineering, chemical engineering, biomedical engineering",3.5,1,310.0,6.5,79,110,5.0,"AI, Law",1,3,18000,17881,35881,1,50,0,,,12.0,,2026-04-29,
University of Bristol,United Kingdom,,54,Graduate,"engineering, medicine, social sciences","engineering, medicine, social sciences, mechanical engineering, electrical engineering, civil engineering, chemical engineering, aerospace engineering",3.5,0,,6.5,79,110,5.0,"AI, Climate",1,5,32000,9268,41268,1,50,0,,,60.0,,2026-04-29,
Purdue University West Lafayette,United States,,129,Graduate,"engineering, agriculture, computer science","agriculture, computer science, engineering, mechanical engineering, electrical engineering, civil engineering, chemical engineering, biomedical engineering",3.5,1,315.0,6.5,79,110,5.0,"AI, Aerospace",1,5,31000,10691,41691,1,50,0,,,50.0,,2026-04-29,
University of Groningen,Netherlands,,159,Graduate,"medicine, engineering, sciences","engineering, medicine, sciences, mechanical engineering, electrical engineering, chemical engineering, biomedical engineering, industrial engineering",3.3,0,,6.5,79,110,5.0,"Energy, AI",1,3,16000,13809,29809,1,50,1,,,50.0,,2026-04-29,
Korea Advanced Institute of Science and Technology (KAIST),South Korea,,41,Graduate,"engineering, sciences","engineering, sciences, mechanical engineering, electrical engineering, civil engineering, aerospace engineering",3.5,1,310.0,6.0,60,100,5.0,"AI, Robotics",1,3,6000,19653,25653,1,100,1,March 31,September 30,18.0,,2026-04-29,
UNSW Sydney,Australia,,19,Graduate,"engineering, business, law","business, engineering, law, mechanical engineering, electrical engineering, civil engineering, aerospace engineering, industrial engineering",3.4,0,,6.5,79,110,5.0,"AI, Sustainability",1,3,34000,9682,43682,1,100,0,November 30,May 31,30.0,,2026-04-29,
Humboldt University of Berlin,Germany,,120,Graduate,"social sciences, humanities, sciences","humanities, sciences, social sciences",3.3,1,310.0,6.5,79,110,5.0,"AI Ethics, History",1,2,3000,16123,19123,1,50,0,,,18.0,,2026-04-29,
The Hong Kong Polytechnic University,Hong Kong,,65,Graduate,"engineering, business","business, engineering, mechanical engineering, electrical engineering, civil engineering, chemical engineering",3.4,1,310.0,6.5,79,110,5.0,"AI, Design",1,3,18000,19928,37928,1,50,1,,,15.0,,2026-04-29,
University of Massachusetts,United States,,245,Graduate,"engineering, computer science","computer science, engineering, mechanical engineering, electrical engineering, civil engineering, chemical engineering, industrial engineering",3.4,1,310.0,6.5,79,110,5.0,"AI, Materials",1,5,35000,19721,54721,1,25,1,,,63.0,,2026-04-29,
University of Glasgow,United Kingdom,,78,Graduate,"medicine, engineering, business","business, engineering, medicine, mechanical engineering, electrical engineering, civil engineering, chemical engineering, biomedical engineering",3.5,0,,6.5,79,110,5.0,"AI, Health",1,5,31000,8395,39395,1,50,0,,,70.0,,2026-04-29,
University of Minnesota,United States,,203,Graduate,"medicine, engineering, business","business, engineering, medicine, mechanical engineering, electrical engineering, civil engineering, chemical engineering, biomedical engineering",3.5,1,315.0,6.5,79,110,5.0,"AI, Health",1,5,30000,16595,46595,1,25,1,,,70.0,,2026-04-29,
University of Bonn,Germany,,239,Graduate,"medicine, sciences","medicine, sciences",3.3,1,310.0,6.5,79,110,5.0,"Physics, AI",1,2,3000,9011,12011,1,25,0,,,15.0,,2026-04-29,
University of California Irvine,United States,,268,Graduate,"engineering, medicine","engineering, medicine, mechanical engineering, electrical engineering, civil engineering",3.5,1,315.0,6.5,79,110,5.0,"AI, Health",1,5,34000,14757,48757,1,25,0,,,21.0,,2026-04-29,
Vanderbilt University,United States,,108,Graduate,"medicine, engineering, business","business, engineering, medicine, mechanical engineering, electrical engineering, civil engineering",3.7,1,320.0,7.0,94,120,5.0,"AI, Health",1,5,58000,12809,70809,1,50,1,,,6.1,,2026-04-29,
RWTH Aachen University,Germany,,99,Graduate,"engineering, sciences","engineering, sciences, mechanical engineering, electrical engineering, civil engineering, chemical engineering, biomedical engineering, industrial engineering",3.3,1,310.0,6.5,79,110,5.0,"AI, Manufacturing",1,2,3000,18186,21186,1,50,1,,,10.0,,2026-04-29,
Charité - Universitätsmedizin Berlin,Germany,,,Graduate,medicine,medicine,3.3,1,310.0,6.5,79,110,5.0,Biomedical,1,2,3000,9399,12399,1,25,1,,,5.0,,2026-04-29,
University of Birmingham,United Kingdom,,80,Graduate,"medicine, engineering","engineering, medicine, mechanical engineering, electrical engineering, civil engineering, aerospace engineering, industrial engineering",3.4,0,,6.5,79,110,5.0,"AI, Energy",1,5,28000,8795,36795,1,50,1,,,74.0,,2026-04-29,
KTH Royal Institute of Technology,Sweden,,97,Graduate,"engineering, sciences","engineering, sciences, mechanical engineering, electrical engineering, civil engineering, chemical engineering, biomedical engineering",3.4,1,310.0,6.5,79,110,5.0,"AI, Sustainability",1,3,16000,11130,27130,1,50,0,,,41.0,,2026-04-29,
Lund University,Sweden,,85,Graduate,"medicine, engineering","engineering, medicine, mechanical engineering, electrical engineering, civil engineering",3.4,0,,6.5,79,110,5.0,"AI, Health",1,3,14000,15403,29403,1,50,1,,,34.0,,2026-04-29,
University of Copenhagen,Denmark,,73,Graduate,"medicine, sciences","medicine, sciences",3.4,0,,6.5,79,110,5.0,"AI, Climate",1,3,14000,15287,29287,1,50,0,,,37.0,,2026-04-29,
Emory University,United States,,159,Graduate,"medicine, business","business, medicine",3.6,1,320.0,7.0,94,120,5.0,"Health, AI",1,5,57000,19701,76701,1,50,1,,,11.0,,2026-04-29,
University of Sheffield,United Kingdom,,105,Graduate,"engineering, medicine","engineering, medicine, mechanical engineering, electrical engineering, civil engineering, chemical engineering, aerospace engineering, biomedical engineering",3.4,0,,6.5,79,110,5.0,"AI, Materials",1,5,28000,11362,39362,1,50,0,,,75.0,,2026-04-29,
Penn State (Main campus),United States,,83,Graduate,"engineering, business","business, engineering, mechanical engineering, electrical engineering, civil engineering, aerospace engineering",3.5,1,315.0,6.5,79,110,5.0,"AI, Energy",1,5,38000,19204,57204,1,50,1,,,55.0,,2026-04-29,
University of Tübingen,Germany,,213,Graduate,"medicine, sciences","medicine, sciences",3.3,1,310.0,6.5,79,110,5.0,"AI, Neuroscience",1,2,3000,16502,19502,1,25,0,,,20.0,,2026-04-29,
Sungkyunkwan University (SKKU),South Korea,,88,Graduate,"engineering, business","business, engineering, mechanical engineering, electrical engineering, civil engineering, chemical engineering",3.5,1,310.0,6.0,60,100,5.0,"AI, Semiconductors",1,3,8000,10814,18814,1,50,0,,,25.0,,2026-04-29,
Yonsei University (Seoul campus),South Korea,,76,Graduate,"medicine, business","business, medicine",3.5,1,310.0,6.0,60,100,5.0,"AI, Health",1,3,9000,18789,27789,1,50,0,,,18.0,,2026-04-29,
Free University of Berlin,Germany,,97,Graduate,"social sciences, sciences","sciences, social sciences",3.3,1,310.0,6.5,79,110,5.0,AI Ethics,1,2,3000,18834,21834,1,50,0,,,15.0,,2026-04-29,
University of Bern,Switzerland,,126,Graduate,"medicine, sciences","medicine, sciences",3.4,1,310.0,6.5,79,110,5.0,"Climate, AI",1,3,1800,11139,12939,1,50,0,,,25.0,,2026-04-29,
University of Warwick,United Kingdom,,69,Graduate,"business, social sciences","business, social sciences",3.4,0,,6.5,79,110,5.0,"Economics, AI",1,5,32000,14028,46028,1,50,1,,,14.0,,2026-04-29,
Erasmus University Rotterdam,Netherlands,,176,Graduate,"business, medicine","business, medicine",3.3,0,,6.5,79,110,3.0,"Economics, Health",1,3,12000,10065,22065,1,50,0,,,40.0,,2026-04-29,
Lomonosov Moscow State University,Russian Federation,,74,Graduate,"sciences, engineering","engineering, sciences, mechanical engineering, electrical engineering, civil engineering, chemical engineering",3.4,1,310.0,6.0,60,100,5.0,"Physics, AI",1,3,5000,19900,24900,1,50,1,,,20.0,,2026-04-29,
University of Helsinki,Finland,,106,Graduate,"medicine, sciences","medicine, sciences",3.4,0,,6.5,79,110,5.0,"AI, Climate",1,3,14000,13828,27828,1,50,1,,,17.0,,2026-04-29,
Aarhus University,Denmark,,143,Graduate,"sciences, business","business, sciences",3.3,0,,6.5,79,110,5.0,"AI, Health",1,3,14000,18684,32684,1,50,0,,,37.0,,2026-04-29,
University of Vienna,Austria,,127,Graduate,"humanities, sciences","humanities, sciences",3.3,0,,6.5,79,110,5.0,AI Ethics,1,2,1700,16889,18589,1,50,0,,,20.0,,2026-04-29,
Ghent University,Belgium,,169,Graduate,"engineering, medicine","engineering, medicine, mechanical engineering, electrical engineering, civil engineering, chemical engineering, industrial engineering",3.3,1,310.0,6.5,79,110,3.0,Biotech,1,3,6000,11761,17761,1,50,0,,,25.0,,2026-04-29,
Rice University,United States,,145,Graduate,"engineering, business","business, engineering, mechanical engineering, electrical engineering, chemical engineering, aerospace engineering, biomedical engineering",3.7,1,320.0,7.0,94,120,5.0,"Materials, AI",1,5,54000,14664,68664,1,50,1,,,8.7,,2026-04-29,
University of Maryland College Park,United States,,158,Graduate,"engineering, computer science","computer science, engineering, mechanical engineering, electrical engineering, biomedical engineering",3.5,1,315.0,6.5,79,110,5.0,"AI, Cybersecurity",1,5,38000,8793,46793,1,50,1,,,44.0,,2026-04-29,
University of Southampton,United Kingdom,,80,Graduate,"engineering, medicine","engineering, medicine, mechanical engineering, electrical engineering, civil engineering, industrial engineering",3.4,0,,6.5,79,110,5.0,"AI, Sustainability",1,5,28000,15714,43714,1,50,0,,,84.0,,2026-04-29,
McMaster University,Canada,,103,Graduate,"medicine, engineering","engineering, medicine, mechanical engineering, electrical engineering, chemical engineering, aerospace engineering",3.4,1,315.0,6.5,79,110,5.0,"Health, AI",1,5,24000,16551,40551,1,50,1,,,58.0,,2026-04-29,
Ohio State University (Main campus),United States,,121,Graduate,"engineering, medicine","engineering, medicine, mechanical engineering, electrical engineering, chemical engineering, biomedical engineering",3.5,1,315.0,6.5,79,110,5.0,"AI, Health",1,5,38000,12188,50188,1,50,0,,,53.0,,2026-04-29,
University of Alberta,Canada,,96,Graduate,"engineering, medicine","engineering, medicine, mechanical engineering, electrical engineering, civil engineering",3.4,1,315.0,6.5,79,110,5.0,"Energy, AI",1,5,22000,18546,40546,1,50,0,,,58.0,,2026-04-29,
University of Oslo,Norway,,126,Graduate,"medicine, sciences","medicine, sciences",3.3,0,,6.5,79,110,5.0,"Climate, AI",1,3,1000,15404,16404,1,50,1,,,10.0,,2026-04-29,
Tohoku University,Japan,,79,Graduate,"engineering, medicine","engineering, medicine, mechanical engineering, electrical engineering, civil engineering, aerospace engineering, industrial engineering",3.4,1,310.0,6.0,60,100,5.0,"Materials, AI",1,3,5000,9911,14911,1,50,1,,,25.0,,2026-04-29,
University of Göttingen,Germany,,232,Graduate,"sciences, humanities","humanities, sciences",3.3,1,310.0,6.5,79,110,5.0,"Physics, AI",1,2,3000,16877,19877,1,25,0,,,12.0,,2026-04-29,
Michigan State University,United States,,136,Graduate,"engineering, business","business, engineering, mechanical engineering, electrical engineering, chemical engineering, aerospace engineering, biomedical engineering, industrial engineering",3.4,1,315.0,6.5,79,110,5.0,"AI, Agriculture",1,5,41000,8129,49129,1,50,1,,,71.0,,2026-04-29,
University of Leeds,United Kingdom,,82,Graduate,"engineering, business","business, engineering, mechanical engineering, electrical engineering, civil engineering, chemical engineering, aerospace engineering, biomedical engineering",3.4,0,,6.5,79,110,5.0,"AI, Health",1,5,28000,14680,42680,1,50,0,,,77.0,,2026-04-29,
Technical University of Denmark,Denmark,,109,Graduate,"engineering, sciences","engineering, sciences, mechanical engineering, electrical engineering, civil engineering, aerospace engineering, biomedical engineering",3.4,0,,6.5,79,110,5.0,"AI, Sustainability",1,3,16000,16996,32996,1,50,0,,,45.0,,2026-04-29,
Université de Montréal,Canada,,159,Graduate,"medicine, engineering","engineering, medicine, mechanical engineering, electrical engineering, civil engineering, chemical engineering, aerospace engineering",3.4,1,315.0,6.5,79,110,5.0,"AI, Health",1,5,25000,12838,37838,1,50,0,,,45.0,,2026-04-29,
University of Basel,Switzerland,,126,Graduate,"medicine, sciences","medicine, sciences",3.4,1,310.0,6.5,79,110,5.0,"Biomed, AI",1,3,1800,17801,19601,1,50,1,,,25.0,,2026-04-29,
University of Rochester,United States,,224,Graduate,"medicine, engineering","engineering, medicine, mechanical engineering, electrical engineering, aerospace engineering, biomedical engineering",3.5,1,320.0,7.0,94,120,5.0,"Optics, AI",1,5,58000,13645,71645,1,25,0,,,36.0,,2026-04-29,
University of Adelaide,Australia,,82,Graduate,"engineering, medicine","engineering, medicine, mechanical engineering, electrical engineering, chemical engineering, biomedical engineering",3.3,0,,6.5,79,110,5.0,"AI, Health",1,3,31000,13898,44898,1,50,1,,,75.0,,2026-04-29,
University of Freiburg,Germany,,192,Graduate,"medicine, sciences","medicine, sciences",3.3,1,310.0,6.5,79,110,5.0,"AI, Materials",1,2,3000,17889,20889,1,50,1,,,33.0,,2026-04-29,
University of Florida,United States,,188,Graduate,"engineering, medicine","engineering, medicine, mechanical engineering, electrical engineering, civil engineering, aerospace engineering",3.4,1,315.0,6.5,79,110,5.0,"AI, Health",1,5,29000,15217,44217,1,50,0,,,30.0,,2026-04-29,
Uppsala University,Sweden,,105,Graduate,"medicine, sciences","medicine, sciences",3.3,0,,6.5,79,110,5.0,"AI, Climate",1,3,14000,16471,30471,1,50,1,,,34.0,,2026-04-29,
Maastricht University,Netherlands,,256,Graduate,"business, medicine","business, medicine",3.3,0,,6.5,79,110,5.0,"Health, AI",1,3,15000,17160,32160,1,25,0,,,52.0,,2026-04-29,
University of Hamburg,Germany,,205,Graduate,"medicine, social sciences","medicine, social sciences",3.3,1,310.0,6.5,79,110,5.0,"AI, Climate",1,2,3000,15875,18875,1,25,1,,,35.0,,2026-04-29,
University of Lausanne,Switzerland,,220,Graduate,"business, medicine","business, medicine",3.3,1,310.0,6.5,79,110,3.0,"Finance, Health",1,3,1800,9205,11005,1,25,1,,,20.0,,2026-04-29,
Wuhan University,China,,194,Graduate,"medicine, engineering","engineering, medicine, mechanical engineering, electrical engineering, aerospace engineering, biomedical engineering",3.4,1,310.0,6.0,60,100,5.0,"AI, Law",1,3,25000,16433,41433,1,50,0,,,15.0,,2026-04-29,
University of Arizona,United States,,293,Graduate,"engineering, sciences","engineering, sciences, mechanical engineering, electrical engineering, civil engineering, aerospace engineering, biomedical engineering",3.3,1,310.0,6.5,79,110,5.0,"AI, Astronomy",1,5,34000,14279,48279,1,25,0,,,87.0,,2026-04-29,
University of Nottingham,United Kingdom,,108,Graduate,"engineering, medicine","engineering, medicine, mechanical engineering, electrical engineering, civil engineering, chemical engineering, aerospace engineering, biomedical engineering",3.4,0,,6.5,79,110,5.0,"AI, Health",1,5,28000,14935,42935,1,50,1,,,80.0,,2026-04-29,
Vrije Universiteit Amsterdam,Netherlands,,219,Graduate,"social sciences, sciences","sciences, social sciences",3.3,0,,6.5,79,110,5.0,"AI, Health",1,3,14000,19297,33297,1,25,1,,,45.0,,2026-04-29,
Trinity College Dublin,Ireland,,87,Graduate,"medicine, engineering","engineering, medicine, mechanical engineering, electrical engineering, civil engineering, chemical engineering, aerospace engineering, biomedical engineering, industrial engineering",3.4,0,,6.5,79,110,5.0,"AI, Health",1,3,22000,16041,38041,1,50,0,,,34.0,,2026-04-29,
Technical University of Berlin,Germany,,147,Graduate,"engineering, computer science","computer science, engineering, mechanical engineering, electrical engineering, chemical engineering, aerospace engineering, biomedical engineering, industrial engineering",3.3,1,310.0,6.5,79,110,5.0,"AI, Mobility",1,2,3000,12266,15266,1,50,1,,,15.0,,2026-04-29,
Queen Mary University of London,United Kingdom,,145,Graduate,"medicine, engineering","engineering, medicine, mechanical engineering, electrical engineering, chemical engineering, aerospace engineering",3.4,0,,6.5,79,110,5.0,"AI, Materials",1,5,28000,18148,46148,1,50,0,,,50.0,,2026-04-29,
University of Pittsburgh - Pittsburgh campus,United States,,143,Graduate,"medicine, engineering","engineering, medicine, mechanical engineering, electrical engineering, civil engineering, biomedical engineering, industrial engineering",3.4,1,315.0,6.5,79,110,5.0,"Health, AI",1,5,40000,15569,55569,1,50,0,,,64.0,,2026-04-29,
Radboud University Nijmegen,Netherlands,,222,Graduate,"medicine, sciences","medicine, sciences",3.3,0,,6.5,79,110,5.0,"AI, Neuroscience",1,3,14000,17976,31976,1,25,1,,,40.0,,2026-04-29,
Texas A&M University,United States,,134,Graduate,"engineering, agriculture","agriculture, engineering, mechanical engineering, electrical engineering, civil engineering, chemical engineering, aerospace engineering, industrial engineering",3.4,1,315.0,6.5,79,110,5.0,"Energy, AI",1,5,38000,16098,54098,1,50,0,,,63.0,,2026-04-29,
University of Colorado Boulder,United States,,264,Graduate,"engineering, sciences","engineering, sciences, mechanical engineering, electrical engineering, civil engineering, biomedical engineering, industrial engineering",3.4,1,315.0,6.5,79,110,5.0,"AI, Aerospace",1,5,38000,18521,56521,1,25,0,,,80.0,,2026-04-29,
Beijing Normal University,China,,272,Graduate,"education, sciences","education, sciences",3.4,1,310.0,6.0,60,100,5.0,"AI, Education",1,3,25000,12653,37653,1,25,1,,,12.0,,2026-04-29,
University of Bologna,Italy,,133,Graduate,"medicine, engineering","engineering, medicine, mechanical engineering, electrical engineering, civil engineering, aerospace engineering, biomedical engineering",3.3,0,,6.0,60,100,5.0,"AI, Heritage",1,3,3000,15362,18362,1,50,0,,,55.0,,2026-04-29,
University of York,United Kingdom,,184,Graduate,"social sciences, sciences","sciences, social sciences",3.4,0,,6.5,79,110,5.0,"AI, Health",1,5,28000,15124,43124,1,50,1,,,80.0,,2026-04-29,
The University of Western Australia,Australia,,90,Graduate,"medicine, engineering","engineering, medicine, mechanical engineering, electrical engineering, civil engineering, chemical engineering, biomedical engineering",3.3,0,,6.5,79,110,5.0,"Mining, AI",1,3,31000,17465,48465,1,50,1,,,38.0,,2026-04-29,
University of Barcelona,Spain,,164,Graduate,"medicine, sciences","medicine, sciences",3.3,0,,6.0,60,100,5.0,"AI, Health",1,3,3000,16736,19736,1,50,1,,,30.0,,2026-04-29,
Pohang University of Science and Technology (POSTECH),South Korea,,98,Graduate,"engineering, sciences","engineering, sciences, mechanical engineering, electrical engineering, biomedical engineering, industrial engineering",3.5,1,310.0,6.0,60,100,5.0,"Materials, AI",1,3,8000,15284,23284,1,50,1,,,14.0,,2026-04-29,
Harbin Institute of Technology,China,,256,Graduate,engineering,"engineering, mechanical engineering, electrical engineering, civil engineering",3.4,1,310.0,6.0,60,100,5.0,"AI, Space",1,3,25000,18820,43820,1,25,0,,,10.0,,2026-04-29,
University of Auckland,New Zealand,,65,Graduate,"engineering, medicine","engineering, medicine, mechanical engineering, electrical engineering, civil engineering, aerospace engineering",3.4,0,,6.5,79,110,5.0,"AI, Health",1,3,28000,15142,43142,1,50,0,,,45.0,,2026-04-29,
Scuola Normale Superiore di Pisa,Italy,,                                                             NA,Graduate,"sciences, humanities","humanities, sciences",3.5,0,,6.0,60,100,5.0,"Physics, AI",1,3,3000,13875,16875,1,25,0,,,5.0,,2026-04-29,
Tongji University,China,,216,Graduate,"engineering, architecture","architecture, engineering, mechanical engineering, electrical engineering, chemical engineering, biomedical engineering",3.4,1,310.0,6.0,60,100,5.0,"Urban, AI",1,3,25000,8121,33121,1,25,1,,,15.0,,2026-04-29,
University of Technology Sydney,Australia,,88,Graduate,"engineering, business","business, engineering, mechanical engineering, electrical engineering, civil engineering, chemical engineering",3.3,0,,6.5,79,110,5.0,"AI, Design",1,3,30000,14531,44531,1,50,0,,,35.0,,2026-04-29,
Newcastle University,United Kingdom,,168,Graduate,"engineering, medicine","engineering, medicine, mechanical engineering, electrical engineering, civil engineering, aerospace engineering, biomedical engineering",3.3,0,,6.5,79,110,5.0,"Energy, AI",1,5,28000,18053,46053,1,50,1,,,87.0,,2026-04-29,
University of Cologne,Germany,,268,Graduate,"medicine, business","business, medicine",3.3,1,310.0,6.5,79,110,5.0,"AI, Economics",1,2,3000,19138,22138,1,25,0,,,20.0,,2026-04-29,
Case Western Reserve University,United States,,215,Graduate,"medicine, engineering","engineering, medicine, mechanical engineering, electrical engineering, civil engineering, aerospace engineering, biomedical engineering",3.5,1,320.0,7.0,94,120,5.0,"Health, AI",1,5,52000,16989,68989,1,25,0,,,27.0,,2026-04-29,
TU Dresden,Germany,,234,Graduate,"engineering, sciences","engineering, sciences, mechanical engineering, electrical engineering, civil engineering, chemical engineering, biomedical engineering, industrial engineering",3.3,1,310.0,6.5,79,110,5.0,"AI, Materials",1,2,3000,18333,21333,1,25,1,,,20.0,,2026-04-29,
University of Liverpool,United Kingdom,,165,Graduate,"medicine, engineering","engineering, medicine, mechanical engineering, electrical engineering, civil engineering, chemical engineering, biomedical engineering",3.3,0,,6.5,79,110,5.0,"AI, Health",1,5,28000,9308,37308,1,50,1,,,75.0,,2026-04-29,
The University of Osaka,Japan,,80,Graduate,"medicine, engineering","engineering, medicine, mechanical engineering, electrical engineering, civil engineering, aerospace engineering, biomedical engineering, industrial engineering",3.4,1,310.0,6.0,60,100,5.0,"AI, Biotech",1,3,5000,17306,22306,1,50,0,,,25.0,,2026-04-29,
University of Virginia (Main campus),United States,,297,Graduate,"medicine, law, engineering","engineering, law, medicine, mechanical engineering, electrical engineering, civil engineering, chemical engineering",3.5,1,320.0,7.0,94,120,5.0,"AI, Policy",1,5,55000,12515,67515,1,25,1,,,19.0,,2026-04-29,
University of Waterloo,Canada,,115,Graduate,"engineering, computer science","computer science, engineering, mechanical engineering, electrical engineering, civil engineering, biomedical engineering",3.4,1,315.0,6.5,79,110,5.0,"AI, Quantum",1,5,25000,8186,33186,1,50,0,,,53.0,,2026-04-29,
University of Würzburg,Germany,,197,Graduate,"medicine, sciences","medicine, sciences",3.3,1,310.0,6.5,79,110,5.0,"AI, Biomed",1,2,3000,13089,16089,1,50,1,,,15.0,,2026-04-29,
Huazhong University of Science and Technology,China,,275,Graduate,"engineering, medicine","engineering, medicine, mechanical engineering, electrical engineering, chemical engineering, aerospace engineering, biomedical engineering",3.4,1,310.0,6.0,60,100,5.0,"AI, Health",1,3,25000,10770,35770,1,25,0,,,20.0,,2026-04-29,
Karlsruhe Institute of Technology,Germany,,102,Graduate,"engineering, sciences","engineering, sciences, mechanical engineering, electrical engineering, civil engineering, industrial engineering",3.3,1,310.0,6.5,79,110,5.0,"Energy, AI",1,2,3000,17890,20890,1,50,0,,,25.0,,2026-04-29,
Dartmouth College,United States,,243,Graduate,"medicine, engineering","engineering, medicine, mechanical engineering, electrical engineering, civil engineering, biomedical engineering, industrial engineering",3.7,1,320.0,7.0,94,120,5.0,"AI, Health",1,5,62000,9517,71517,1,25,0,,,6.2,,2026-04-29,
Lancaster University,United Kingdom,,122,Graduate,"business, social sciences","business, social sciences",3.4,0,,6.5,79,110,5.0,"AI, Management",1,5,28000,15155,43155,1,50,1,,,19.0,,2026-04-29,
University of Antwerp,Belgium,,248,Graduate,"medicine, sciences","medicine, sciences",3.3,1,310.0,6.5,79,110,5.0,"AI, Health",1,3,6000,10150,16150,1,25,1,,,40.0,,2026-04-29,
University of Geneva,Switzerland,,128,Graduate,"international relations, sciences","international relations, sciences",3.3,1,310.0,6.5,79,110,5.0,"AI, Policy",1,3,1800,8734,10534,1,50,0,,,25.0,,2026-04-29,
Durham University,United Kingdom,,89,Graduate,"business, sciences","business, sciences",3.4,0,,6.5,79,110,5.0,"AI, Energy",1,5,28000,18980,46980,1,50,1,,,74.0,,2026-04-29,
National Taiwan University (NTU),Taiwan,,68,Graduate,"engineering, medicine","engineering, medicine, mechanical engineering, electrical engineering, civil engineering, chemical engineering, industrial engineering",3.4,1,310.0,6.0,60,100,5.0,"AI, Semiconductors",1,3,4000,12295,16295,1,50,1,,,30.0,,2026-04-29,
University of Exeter,United Kingdom,,169,Graduate,"medicine, business","business, medicine",3.4,0,,6.5,79,110,5.0,"AI, Climate",1,5,28000,13720,41720,1,50,1,,,89.0,,2026-04-29,
Université Catholique de Louvain,Belgium,,180,Graduate,"medicine, engineering","engineering, medicine, mechanical engineering, electrical engineering, civil engineering, chemical engineering, aerospace engineering, biomedical engineering",3.3,1,310.0,6.5,79,110,5.0,"AI, Health",1,3,5000,13648,18648,1,50,1,,,20.0,,2026-04-29,
King Fahd University of Petroleum and Minerals,Saudi Arabia,,180,Graduate,"engineering, sciences","engineering, sciences, mechanical engineering, electrical engineering, civil engineering, chemical engineering, aerospace engineering, biomedical engineering",3.4,1,310.0,6.0,60,100,5.0,"Energy, AI",1,3,3000,15116,18116,1,50,1,,,15.0,,2026-04-29,
Pompeu Fabra University,Spain,,297,Graduate,"social sciences, business","business, social sciences",3.3,0,,6.0,60,100,5.0,"Economics, AI",1,3,3000,16722,19722,1,25,1,,,30.0,,2026-04-29,
Macquarie University,Australia,,130,Graduate,"business, engineering","business, engineering, mechanical engineering, electrical engineering, civil engineering, chemical engineering, aerospace engineering, biomedical engineering, industrial engineering",3.3,0,,6.5,79,110,5.0,"AI, Business",1,3,31000,14085,45085,1,50,0,,,40.0,,2026-04-29,
Tufts University,United States,,275,Graduate,"medicine, engineering","engineering, medicine, mechanical engineering, electrical engineering, chemical engineering, aerospace engineering, biomedical engineering",3.6,1,320.0,7.0,94,120,5.0,"AI, Health",1,5,63000,15884,78884,1,25,0,,,9.5,,2026-04-29,
University of Cape Town,South Africa,,171,Graduate,"medicine, engineering","engineering, medicine, mechanical engineering, electrical engineering, civil engineering, aerospace engineering, biomedical engineering",3.3,0,,6.5,79,110,5.0,"AI, Climate",1,3,5000,18423,23423,1,50,1,,,23.0,,2026-04-29,
University of Macau,Macao,,254,Graduate,"business, engineering","business, engineering, mechanical engineering, electrical engineering, civil engineering, aerospace engineering",3.3,1,310.0,6.0,60,100,5.0,"AI, Gaming",1,3,8000,15464,23464,1,25,0,,,20.0,,2026-04-29,
University of Twente,Netherlands,,210,Graduate,"engineering, business","business, engineering, mechanical engineering, electrical engineering, civil engineering, chemical engineering, industrial engineering",3.3,0,,6.5,79,110,5.0,"AI, Robotics",1,3,12000,8555,20555,1,25,1,,,45.0,,2026-04-29,
Southern University of Science and Technology (SUSTech),China,,                                                             NA,Graduate,"engineering, sciences","engineering, sciences, mechanical engineering, electrical engineering, biomedical engineering",3.5,1,310.0,6.0,60,100,5.0,"AI, Materials",1,3,28000,15440,43440,1,25,1,,,10.0,,2026-04-29,
Université Paris Cité,France,,236,Graduate,"medicine, sciences","medicine, sciences",3.3,0,,6.0,60,100,5.0,"AI, Health",1,3,3000,18273,21273,1,25,0,,,15.0,,2026-04-29,
Eindhoven University of Technology,Netherlands,,124,Graduate,"engineering, computer science","computer science, engineering, mechanical engineering, electrical engineering, civil engineering, chemical engineering, biomedical engineering, industrial engineering",3.3,0,,6.5,79,110,5.0,"AI, High-Tech",1,3,15000,17681,32681,1,50,0,,,50.0,,2026-04-29,
Sapienza University of Rome,Italy,,134,Graduate,"engineering, medicine","engineering, medicine, mechanical engineering, electrical engineering, civil engineering, chemical engineering",3.3,0,,6.0,60,100,5.0,"AI, Heritage",1,3,3000,8542,11542,1,50,1,,,60.0,,2026-04-29,
University of St Andrews,United Kingdom,,95,Graduate,"sciences, humanities","humanities, sciences",3.4,0,,6.5,79,110,5.0,"AI, Physics",1,5,32000,12980,44980,1,50,0,,,25.0,,2026-04-29,
University of Münster,Germany,,196,Graduate,"medicine, sciences","medicine, sciences",3.3,1,310.0,6.5,79,110,5.0,"AI, Chemistry",1,2,3000,8467,11467,1,50,0,,,20.0,,2026-04-29,
Indiana University,United States,,355,Graduate,"business, medicine","business, medicine",3.4,1,315.0,6.5,79,110,5.0,"AI, Health",1,5,38000,17564,55564,1,25,0,,,80.0,,2026-04-29,
Korea University,South Korea,,67,Graduate,"business, engineering","business, engineering, mechanical engineering, electrical engineering, civil engineering, biomedical engineering",3.4,1,310.0,6.0,60,100,5.0,"AI, Business",1,3,9000,18793,27793,1,50,1,,,20.0,,2026-04-29,
Abu Dhabi University,United Arab Emirates,,                                                         701+,Graduate,"engineering, business","business, engineering, mechanical engineering, electrical engineering, civil engineering, chemical engineering, industrial engineering",3.3,1,310.0,6.0,60,100,5.0,"AI, Energy",1,3,12000,15474,27474,1,25,1,,,40.0,,2026-04-29,
Stockholm University,Sweden,,141,Graduate,"social sciences, sciences","sciences, social sciences",3.3,0,,6.5,79,110,5.0,"AI, Climate",1,3,14000,19372,33372,1,50,1,,,40.0,,2026-04-29,
University of Leicester,United Kingdom,,272,Graduate,"medicine, engineering","engineering, medicine, mechanical engineering, electrical engineering, chemical engineering, aerospace engineering, biomedical engineering",3.3,0,,6.5,79,110,5.0,"AI, Space",1,5,28000,16767,44767,1,25,0,,,72.0,,2026-04-29,
University of Ottawa,Canada,,189,Graduate,"engineering, law, business, medicine, social sciences","business, engineering, law, medicine, social sciences, mechanical engineering, electrical engineering, civil engineering, chemical engineering, aerospace engineering, biomedical engineering",3.3,1,310.0,6.5,79,110,5.0,"AI & Cybersecurity, Public Policy, Health Sciences",1,5,22000,19357,41357,1,50,0,,,35.0,,2026-04-29,
Tokyo Institute of Technology,Japan,,91,Graduate,"engineering, computer science, materials science, physics","computer science, engineering, materials science, physics, mechanical engineering, electrical engineering, civil engineering, chemical engineering",3.4,1,315.0,6.0,60,100,5.0,"Robotics & AI, Materials Science, Sustainable Energy",1,3,5000,12666,17666,1,50,1,,,20.0,,2026-04-29,
Aalto University,Finland,,113,Graduate,"design, engineering, business, computer science","business, computer science, design, engineering, mechanical engineering, electrical engineering, civil engineering",3.3,1,310.0,6.5,79,110,5.0,"Design Innovation, AI & Digitalisation, Sustainable Tech",1,3,15000,12648,27648,1,50,0,,,12.0,,2026-04-29,
University of California Santa Cruz,United States,,293,Graduate,"computer science, astronomy, environmental science, game design","astronomy, computer science, environmental science, game design",3.4,1,310.0,6.5,79,110,5.0,"Astronomy & Astrophysics, AI & Data Science, Environmental Policy",1,5,29000,19187,48187,1,25,0,,,47.0,,2026-04-29,
University of Notre Dame,United States,,304,Graduate,"business, law, engineering, theology","business, engineering, law, theology, mechanical engineering, electrical engineering, chemical engineering, biomedical engineering",3.7,1,320.0,7.0,94,120,5.0,"Business Ethics, Engineering Innovation, Global Affairs",1,5,58000,12970,70970,1,25,1,,,13.0,,2026-04-29,
Ulm University,Germany,,375,Graduate,"medicine, engineering, computer science, mathematics","computer science, engineering, mathematics, medicine, mechanical engineering, electrical engineering, chemical engineering, industrial engineering",3.2,1,310.0,6.5,79,110,5.0,"Medical Engineering, AI & Data Analytics",1,2,3000,11124,14124,1,25,0,,,25.0,,2026-04-29,
Universitat Autònoma de Barcelona,Spain,,196,Graduate,"medicine, engineering, humanities, environmental science","engineering, environmental science, humanities, medicine, mechanical engineering, electrical engineering, civil engineering, aerospace engineering, biomedical engineering",3.2,0,,6.5,79,110,2.0,"Environmental Science, Biomedicine, Humanities",0,3,4000,17290,21290,1,50,1,,,30.0,,2026-04-29,
University of Zurich,Switzerland,,109,Graduate,"medicine, economics, law, sciences","economics, law, medicine, sciences",3.4,1,310.0,6.5,79,110,5.0,"Neuroscience, Finance, AI Ethics",1,3,1800,8322,10122,1,50,1,,,27.0,,2026-04-29,
University of Sussex,United Kingdom,,218,Graduate,"social sciences, engineering, business","business, engineering, social sciences, mechanical engineering, electrical engineering, civil engineering, chemical engineering, aerospace engineering, industrial engineering",3.3,0,,6.5,79,110,5.0,"AI Policy, Climate",1,5,28000,9706,37706,1,25,0,,,85.0,,2026-04-29,
University of Reading,United Kingdom,,169,Graduate,"agriculture, business, meteorology","agriculture, business, meteorology",3.3,0,,6.5,79,110,5.0,"Climate, AI",1,5,28000,9604,37604,1,50,0,,,87.0,,2026-04-29,
University of Alberta (additional programs),Canada,,96,Graduate,"agriculture, environmental science","agriculture, environmental science",3.4,1,315.0,6.5,79,110,5.0,"Energy Transition, AI",1,5,22000,17507,39507,1,50,1,,,58.0,,2026-04-29,
University of Calgary,Canada,,182,Graduate,"engineering, energy","energy, engineering, mechanical engineering, electrical engineering, civil engineering, chemical engineering, aerospace engineering, biomedical engineering, industrial engineering",3.4,1,315.0,6.5,79,110,5.0,"Oil & Gas, AI",1,5,22000,18514,40514,1,50,1,,,60.0,,2026-04-29,
Simon Fraser University,Canada,,318,Graduate,"computing, business","business, computing",3.3,1,310.0,6.5,79,110,5.0,"AI, Cybersecurity",1,5,22000,11864,33864,1,25,1,,,65.0,,2026-04-29,
University of Zurich (additional),Switzerland,,109,Graduate,"computer science, biology","biology, computer science",3.4,1,310.0,6.5,79,110,5.0,"Bioinformatics, AI",1,3,1800,18690,20490,1,50,0,,,27.0,,2026-04-29,
University of Basel (additional),Switzerland,,126,Graduate,"chemistry, physics","chemistry, physics",3.4,1,310.0,6.5,79,110,5.0,"Nanotech, AI",1,3,1800,8281,10081,1,50,1,,,25.0,,2026-04-29,
Technical University of Denmark (additional),Denmark,,109,Graduate,"wind energy, biotech","biotech, wind energy",3.4,0,,6.5,79,110,5.0,"Renewables, AI",1,3,16000,13474,29474,1,50,1,,,45.0,,2026-04-29,
Chalmers University of Technology,Sweden,,129,Graduate,"engineering, materials","engineering, materials, mechanical engineering, electrical engineering, civil engineering",3.4,1,310.0,6.5,79,110,5.0,"Sustainable Materials, AI",1,3,16000,14467,30467,1,50,1,,,40.0,,2026-04-29,
University of Gothenburg,Sweden,,202,Graduate,"medicine, social sciences","medicine, social sciences",3.3,0,,6.5,79,110,5.0,"Health, AI",1,3,14000,14933,28933,1,25,1,,,35.0,,2026-04-29,
University of Oslo (additional),Norway,,126,Graduate,"informatics, law","informatics, law",3.3,0,,6.5,79,110,5.0,"AI Law, Climate",1,3,1000,11254,12254,1,50,1,,,10.0,,2026-04-29,
University of Bergen,Norway,,300,Graduate,"marine sciences, medicine","marine sciences, medicine",3.3,0,,6.5,79,110,5.0,"Ocean, AI",1,3,1000,13418,14418,1,25,0,,,15.0,,2026-04-29,
University of Helsinki (additional),Finland,,106,Graduate,computer science,computer science,3.4,0,,6.5,79,110,5.0,"AI, Data",1,3,14000,10975,24975,1,50,0,,,17.0,,2026-04-29,
University of Barcelona (additional),Spain,,164,Graduate,"economics, tourism","economics, tourism",3.3,0,,6.0,60,100,5.0,"Smart Cities, AI",1,3,3000,11794,14794,1,50,0,,,30.0,,2026-04-29,
Complutense University of Madrid,Spain,,171,Graduate,"medicine, law","law, medicine",3.2,0,,6.0,60,100,5.0,"AI Ethics, Health",1,3,3000,15389,18389,1,50,0,,,50.0,,2026-04-29,
University of Lisbon,Portugal,,266,Graduate,"engineering, medicine","engineering, medicine, mechanical engineering, electrical engineering, civil engineering, chemical engineering, industrial engineering",3.3,0,,6.0,60,100,5.0,"AI, Sustainability",1,3,7000,17673,24673,1,25,0,,,40.0,,2026-04-29,
University of Porto,Portugal,,300,Graduate,"engineering, business","business, engineering, mechanical engineering, electrical engineering, civil engineering, chemical engineering, aerospace engineering, biomedical engineering",3.3,0,,6.0,60,100,5.0,"AI, Health",1,3,7000,13635,20635,1,25,0,,,45.0,,2026-04-29,
University of Milan,Italy,,285,Graduate,"medicine, law","law, medicine",3.3,0,,6.0,60,100,5.0,"AI, Biomed",1,3,3000,8139,11139,1,25,0,,,55.0,,2026-04-29,
Politecnico di Milano,Italy,,111,Graduate,"engineering, design","design, engineering, mechanical engineering, electrical engineering, chemical engineering, biomedical engineering",3.4,0,,6.0,60,100,5.0,"AI, Architecture",1,3,3000,19783,22783,1,50,0,,,35.0,,2026-04-29,
University of Padua,Italy,,219,Graduate,"engineering, medicine","engineering, medicine, mechanical engineering, electrical engineering, civil engineering, chemical engineering, biomedical engineering",3.3,0,,6.0,60,100,5.0,"AI, Space",1,3,3000,12592,15592,1,25,1,,,45.0,,2026-04-29,
University of Vienna (additional),Austria,,127,Graduate,computer science,computer science,3.3,0,,6.5,79,110,5.0,"AI, Quantum",1,2,1700,13646,15346,1,50,1,,,20.0,,2026-04-29,
Vienna University of Technology,Austria,,179,Graduate,"engineering, informatics","engineering, informatics, mechanical engineering, electrical engineering, civil engineering, chemical engineering",3.3,1,310.0,6.5,79,110,5.0,"AI, Robotics",1,2,1700,12623,14323,1,50,1,,,25.0,,2026-04-29,
University of Warsaw,Poland,,262,Graduate,"computer science, social sciences","computer science, social sciences",3.2,1,310.0,6.5,79,110,5.0,"AI, Data",1,3,4000,16198,20198,1,25,1,,,50.0,,2026-04-29,
Jagiellonian University,Poland,,304,Graduate,"medicine, humanities","humanities, medicine",3.2,1,310.0,6.5,79,110,5.0,AI Ethics,1,3,4000,14675,18675,1,25,0,,,45.0,,2026-04-29,
Charles University,Czech Republic,,271,Graduate,"medicine, sciences","medicine, sciences",3.2,1,310.0,6.5,79,110,5.0,"AI, Health",1,3,5000,17219,22219,1,25,0,,,40.0,,2026-04-29,
University of Prague,Czech Republic,,                                                             NA,Graduate,engineering,"engineering, mechanical engineering, electrical engineering, chemical engineering, aerospace engineering",3.2,1,310.0,6.5,79,110,5.0,"AI, Materials",1,3,5000,15421,20421,1,25,0,,,55.0,,2026-04-29,
University of Ljubljana,Slovenia,,                                                         601+,Graduate,"engineering, medicine","engineering, medicine, mechanical engineering, electrical engineering, civil engineering, chemical engineering",3.2,1,310.0,6.5,79,110,5.0,"AI, Sustainability",1,3,5000,12862,17862,1,25,1,,,60.0,,2026-04-29,
University of Belgrade,Serbia,,                                                            NA,Graduate,engineering,"engineering, mechanical engineering, electrical engineering, chemical engineering, biomedical engineering, industrial engineering",3.2,1,310.0,6.5,79,110,5.0,"AI, Energy",1,3,3000,18037,21037,1,25,1,,,70.0,,2026-04-29,
University of Bucharest,Romania,,                                                         601+,Graduate,computer science,computer science,3.1,1,310.0,6.5,79,110,5.0,"AI, Data",1,3,4000,19811,23811,1,25,1,,,65.0,,2026-04-29,
Babes-Bolyai University,Romania,,                                                            NA,Graduate,sciences,sciences,3.1,1,310.0,6.5,79,110,5.0,AI,1,3,4000,9619,13619,1,25,0,,,70.0,,2026-04-29,
University of Sofia,Bulgaria,,                                                            NA,Graduate,engineering,"engineering, mechanical engineering, electrical engineering, civil engineering, chemical engineering, industrial engineering",3.1,1,310.0,6.5,79,110,5.0,AI,1,3,3500,18675,22175,1,25,0,,,75.0,,2026-04-29,
University of Utah,United States,,252,Graduate,"engineering, computer science, business, medicine","business, computer science, engineering, medicine, mechanical engineering, electrical engineering, civil engineering, chemical engineering, biomedical engineering",3.2,1,310.0,6.5,79,110,4.0,"Materials, Energy, Biomedical",1,3,27000,13000,40000,1,50,1,,,68.0,,2026-04-29,
University of Delaware,United States,,350,Graduate,"engineering, chemical engineering, business","business, computer science, engineering, mechanical engineering, electrical engineering, civil engineering, chemical engineering",3.2,1,310.0,6.5,79,110,4.0,"Chemical Engineering, Materials",1,3,33000,12000,45000,1,50,1,,,65.0,,2026-04-29,
University of Connecticut,United States,,373,Graduate,"engineering, computer science, business","business, computer science, engineering, mechanical engineering, electrical engineering, civil engineering, chemical engineering, biomedical engineering",3.2,1,310.0,6.5,79,110,4.0,"Advanced Manufacturing, Cybersecurity",1,3,30000,14000,44000,1,50,1,,,56.0,,2026-04-29,
University of Iowa,United States,,315,Graduate,"engineering, civil engineering, biomedical engineering","business, computer science, engineering, mechanical engineering, electrical engineering, civil engineering, chemical engineering, biomedical engineering, industrial engineering",3.2,1,310.0,6.5,79,110,4.0,"Hydraulics, Biomedical, Industrial",1,3,28000,11000,39000,1,50,1,,,83.0,,2026-04-29,
Iowa State University,United States,,395,Graduate,"engineering, aerospace engineering, agriculture","business, computer science, engineering, mechanical engineering, electrical engineering, civil engineering, chemical engineering, aerospace engineering, industrial engineering",3.1,1,310.0,6.5,79,110,4.0,"Agriculture, Aerospace, Wind Energy",1,3,25000,10000,35000,1,50,1,,,89.0,,2026-04-29,
Clemson University,United States,,460,Graduate,"engineering, mechanical engineering, civil engineering","business, computer science, engineering, mechanical engineering, electrical engineering, civil engineering, chemical engineering, biomedical engineering, industrial engineering",3.2,1,310.0,6.5,79,110,4.0,"Automotive Engineering, Advanced Materials",1,3,24000,11000,35000,1,50,1,,,51.0,,2026-04-29,
Oregon State University,United States,,411,Graduate,"engineering, electrical engineering, environmental engineering","business, computer science, engineering, mechanical engineering, electrical engineering, civil engineering, chemical engineering, industrial engineering",3.1,1,310.0,6.5,79,110,4.0,"Robotics, Ocean Engineering, Renewable Energy",1,3,27000,13000,40000,1,50,1,,,82.0,,2026-04-29,
University of Oregon,United States,,362,Graduate,"sciences, business","business, computer science",3.2,1,310.0,6.5,79,110,3.0,"Green Chemistry, Optics, Neuroscience",1,3,30000,13000,43000,1,50,1,,,83.0,,2026-04-29,
Colorado State University,United States,,431,Graduate,"engineering, civil engineering, environmental engineering","business, computer science, engineering, mechanical engineering, electrical engineering, civil engineering, chemical engineering, biomedical engineering",3.1,1,310.0,6.5,79,110,4.0,"Environmental Engineering, Atmospheric Science",1,3,26000,12000,38000,1,50,1,,,85.0,,2026-04-29,
University of Kansas,United States,,450,Graduate,"engineering, aerospace engineering, chemical engineering","business, computer science, engineering, mechanical engineering, electrical engineering, civil engineering, chemical engineering, aerospace engineering",3.1,1,310.0,6.5,79,110,4.0,"Aerospace, Petroleum, Chemical Engineering",1,3,24000,10000,34000,1,50,1,,,86.0,,2026-04-29,
University of Nebraska-Lincoln,United States,,480,Graduate,"engineering, civil engineering, agricultural engineering","business, computer science, engineering, mechanical engineering, electrical engineering, civil engineering, chemical engineering, industrial engineering",3.1,1,310.0,6.5,79,110,4.0,"Agricultural Engineering, Water Resources",1,3,23000,10000,33000,1,50,1,,,75.0,,2026-04-29,
University of New Mexico,United States,,500,Graduate,"engineering, electrical engineering, nuclear engineering","computer science, engineering, mechanical engineering, electrical engineering, civil engineering, chemical engineering",3.1,1,310.0,6.5,79,110,4.0,"Nuclear Engineering, Microsystems",1,3,22000,11000,33000,1,50,1,,,70.0,,2026-04-29,
University of Oklahoma,United States,,470,Graduate,"engineering, aerospace engineering, petroleum engineering","business, computer science, engineering, mechanical engineering, electrical engineering, civil engineering, chemical engineering, aerospace engineering, industrial engineering",3.1,1,310.0,6.5,79,110,4.0,"Petroleum, Aerospace, Weather Science",1,3,23000,10000,33000,1,50,1,,,80.0,,2026-04-29,
University of South Carolina,United States,,480,Graduate,"engineering, chemical engineering, mechanical engineering","business, computer science, engineering, mechanical engineering, electrical engineering, civil engineering, chemical engineering, biomedical engineering",3.2,1,310.0,6.5,79,110,4.0,"Chemical Engineering, Biomedical",1,3,28000,11000,39000,1,50,1,,,68.0,,2026-04-29,
University of Tennessee Knoxville,United States,,440,Graduate,"engineering, nuclear engineering, aerospace engineering","business, computer science, engineering, mechanical engineering, electrical engineering, civil engineering, chemical engineering, aerospace engineering, biomedical engineering, industrial engineering",3.2,1,310.0,6.5,79,110,4.0,"Nuclear, Aerospace, Reliability",1,3,27000,11000,38000,1,50,1,,,72.0,,2026-04-29,
University of Kentucky,United States,,500,Graduate,"engineering, mining engineering, chemical engineering","business, computer science, engineering, mechanical engineering, electrical engineering, civil engineering, chemical engineering",3.1,1,310.0,6.5,79,110,3.0,"Mining, Chemical Engineering, Power Systems",1,3,24000,10000,34000,1,50,1,,,76.0,,2026-04-29,
Drexel University,United States,,460,Graduate,"engineering, biomedical engineering, mechanical engineering","business, computer science, engineering, mechanical engineering, electrical engineering, civil engineering, chemical engineering, biomedical engineering",3.2,1,312.0,6.5,79,110,4.0,"Biomedical, Materials, Systems Engineering",1,3,38000,15000,53000,1,50,1,,,72.0,,2026-04-29,
Northeastern University,United States,,325,Graduate,"engineering, computer science, robotics","business, computer science, engineering, mechanical engineering, electrical engineering, civil engineering, chemical engineering, biomedical engineering, industrial engineering",3.3,1,315.0,6.5,79,110,4.0,"AI, Robotics, Cybersecurity",1,4,42000,16000,58000,1,50,1,,,18.0,,2026-04-29,
Rutgers University,United States,,262,Graduate,"engineering, industrial engineering, biomedical engineering","business, computer science, engineering, mechanical engineering, electrical engineering, civil engineering, chemical engineering, aerospace engineering, biomedical engineering, industrial engineering",3.3,1,312.0,6.5,79,110,4.0,"Pharmaceutical, Industrial Engineering",1,3,30000,15000,45000,1,50,1,,,60.0,,2026-04-29,
Virginia Tech,United States,,290,Graduate,"engineering, aerospace engineering, civil engineering","business, computer science, engineering, mechanical engineering, electrical engineering, civil engineering, chemical engineering, aerospace engineering, biomedical engineering, industrial engineering",3.3,1,315.0,6.5,79,110,5.0,"Aerospace, Civil, Transportation",1,3,29000,11000,40000,1,50,1,,,60.0,,2026-04-29,
North Carolina State University,United States,,295,Graduate,"engineering, electrical engineering, nuclear engineering","business, computer science, engineering, mechanical engineering, electrical engineering, civil engineering, chemical engineering, aerospace engineering, biomedical engineering, industrial engineering",3.3,1,312.0,6.5,79,110,4.0,"Textiles, Nuclear, Electrical",1,3,26000,12000,38000,1,50,1,,,47.0,,2026-04-29,
University of Houston,United States,,430,Graduate,"engineering, petroleum engineering, industrial engineering","business, computer science, engineering, mechanical engineering, electrical engineering, civil engineering, chemical engineering, biomedical engineering, industrial engineering",3.1,1,310.0,6.5,79,110,4.0,"Petroleum, Chemical, Industrial",1,3,24000,12000,36000,1,50,1,,,66.0,,2026-04-29,
University of Cincinnati,United States,,420,Graduate,"engineering, aerospace engineering, biomedical engineering","business, computer science, engineering, mechanical engineering, electrical engineering, civil engineering, chemical engineering, aerospace engineering, biomedical engineering",3.2,1,310.0,6.5,79,110,4.0,"Aerospace, Biomedical, Co-op Programs",1,4,26000,11000,37000,1,50,1,,,75.0,,2026-04-29,
University at Buffalo SUNY,United States,,350,Graduate,"engineering, civil engineering, mechanical engineering","business, computer science, engineering, mechanical engineering, electrical engineering, civil engineering, chemical engineering, aerospace engineering, industrial engineering",3.2,1,310.0,6.5,79,110,4.0,"Structural Engineering, AI",1,3,25000,12000,37000,1,50,1,,,60.0,,2026-04-29,
Stony Brook University,United States,,338,Graduate,"engineering, biomedical engineering, electrical engineering","business, computer science, engineering, mechanical engineering, electrical engineering, chemical engineering, biomedical engineering",3.3,1,312.0,6.5,79,110,4.0,"Biomedical, Materials, Energy",1,3,26000,15000,41000,1,50,1,,,44.0,,2026-04-29,
George Washington University,United States,,375,Graduate,"engineering, systems engineering, computer science","business, computer science, engineering, mechanical engineering, electrical engineering, civil engineering, biomedical engineering",3.3,1,315.0,7.0,94,120,3.0,"Systems Engineering, Cybersecurity",1,4,48000,17000,65000,1,50,1,,,41.0,,2026-04-29,
Syracuse University,United States,,480,Graduate,"engineering, aerospace engineering, mechanical engineering","business, computer science, engineering, mechanical engineering, electrical engineering, civil engineering, chemical engineering, aerospace engineering, biomedical engineering",3.2,1,310.0,6.5,79,110,3.0,"Aerospace, Mechanical Systems",1,3,40000,13000,53000,1,50,1,,,55.0,,2026-04-29,
Missouri University of Science and Technology,United States,,500,Graduate,"engineering, mining engineering, mechanical engineering","computer science, engineering, mechanical engineering, electrical engineering, civil engineering, chemical engineering, aerospace engineering",3.1,1,310.0,6.5,79,110,4.0,"Mining, Explosives, Manufacturing",1,3,22000,10000,32000,1,50,1,,,81.0,,2026-04-29,
Stevens Institute of Technology,United States,,430,Graduate,"engineering, systems engineering, mechanical engineering","business, computer science, engineering, mechanical engineering, electrical engineering, civil engineering, chemical engineering, biomedical engineering",3.3,1,315.0,6.5,79,110,4.0,"Systems Engineering, AI, Maritime",1,3,44000,16000,60000,1,50,1,,,42.0,,2026-04-29,
Rochester Institute of Technology,United States,,450,Graduate,"engineering, mechanical engineering, industrial engineering","business, computer science, engineering, mechanical engineering, electrical engineering, chemical engineering, biomedical engineering, industrial engineering",3.2,1,312.0,6.5,79,110,4.0,"Manufacturing, Imaging Science, Microsystems",1,4,42000,13000,55000,1,50,1,,,65.0,,2026-04-29,
Worcester Polytechnic Institute,United States,,440,Graduate,"engineering, robotics, biomedical engineering","business, computer science, engineering, robotics, mechanical engineering, electrical engineering, civil engineering, chemical engineering, aerospace engineering, biomedical engineering",3.3,1,315.0,6.5,79,110,4.0,"Robotics, Biomedical, Fire Protection",1,4,43000,14000,57000,1,50,1,,,48.0,,2026-04-29,
Rensselaer Polytechnic Institute,United States,,400,Graduate,"engineering, computer science, electrical engineering","business, computer science, engineering, mechanical engineering, electrical engineering, civil engineering, chemical engineering, aerospace engineering, biomedical engineering, industrial engineering",3.3,1,315.0,6.5,79,110,5.0,"AI, Nanotechnology, Energy Systems",1,3,46000,13000,59000,1,50,1,,,57.0,,2026-04-29,
Lehigh University,United States,,440,Graduate,"engineering, industrial engineering, civil engineering","business, computer science, engineering, mechanical engineering, electrical engineering, civil engineering, chemical engineering, biomedical engineering, industrial engineering",3.3,1,315.0,6.5,79,110,4.0,"Structural, Materials, Industrial",1,3,43000,13000,56000,1,50,1,,,37.0,,2026-04-29,
University of Alabama,United States,,500,Graduate,"engineering, aerospace engineering, civil engineering","business, computer science, engineering, mechanical engineering, electrical engineering, civil engineering, chemical engineering, aerospace engineering",3.1,1,310.0,6.5,79,110,3.0,"Aerospace, Chemical, Civil",1,3,24000,10000,34000,1,50,1,,,80.0,,2026-04-29,
Auburn University,United States,,470,Graduate,"engineering, chemical engineering, aerospace engineering","business, computer science, engineering, mechanical engineering, electrical engineering, civil engineering, chemical engineering, aerospace engineering, industrial engineering",3.1,1,310.0,6.5,79,110,4.0,"Polymer, Chemical, Aerospace",1,3,25000,10000,35000,1,50,1,,,75.0,,2026-04-29,
University of Central Florida,United States,,490,Graduate,"engineering, electrical engineering, mechanical engineering","business, computer science, engineering, mechanical engineering, electrical engineering, civil engineering, aerospace engineering, industrial engineering",3.1,1,310.0,6.5,79,110,4.0,"Optics, Photonics, Simulation",1,3,22000,12000,34000,1,50,1,,,43.0,,2026-04-29,
University of South Florida,United States,,445,Graduate,"engineering, industrial engineering, biomedical engineering","business, computer science, engineering, mechanical engineering, electrical engineering, civil engineering, chemical engineering, biomedical engineering, industrial engineering",3.2,1,310.0,6.5,79,110,4.0,"Biomedical, Industrial, Clean Energy",1,3,23000,12000,35000,1,50,1,,,44.0,,2026-04-29,
University of Missouri,United States,,500,Graduate,"engineering, nuclear engineering, civil engineering","business, computer science, engineering, mechanical engineering, electrical engineering, civil engineering, chemical engineering, biomedical engineering, industrial engineering",3.1,1,310.0,6.5,79,110,3.0,"Nuclear, Biomedical, Industrial",1,3,22000,10000,32000,1,50,1,,,78.0,,2026-04-29,
Temple University,United States,,500,Graduate,"engineering, electrical engineering, civil engineering","business, computer science, engineering, mechanical engineering, electrical engineering, civil engineering, biomedical engineering",3.1,1,310.0,6.5,79,110,3.0,"Bioengineering, Electrical Systems",1,3,28000,14000,42000,1,50,1,,,70.0,,2026-04-29,
Illinois Institute of Technology,United States,,460,Graduate,"engineering, aerospace engineering, electrical engineering, architecture","architecture, computer science, engineering, mechanical engineering, electrical engineering, civil engineering, chemical engineering, aerospace engineering",3.2,1,312.0,6.5,79,110,4.0,"Power Systems, Aerospace, Architecture",1,3,40000,14000,54000,1,75,1,,,52.0,,2026-04-29,
New Jersey Institute of Technology,United States,,500,Graduate,"engineering, mechanical engineering, civil engineering","business, computer science, engineering, mechanical engineering, electrical engineering, civil engineering, chemical engineering, biomedical engineering, industrial engineering",3.1,1,310.0,6.5,79,110,4.0,"Manufacturing, Transportation, Solar",1,3,28000,15000,43000,1,50,1,,,68.0,,2026-04-29,
Michigan Technological University,United States,,500,Graduate,"engineering, mechanical engineering, civil engineering","computer science, engineering, mechanical engineering, electrical engineering, civil engineering, chemical engineering, biomedical engineering",3.1,1,310.0,6.5,79,110,4.0,"Mining, Materials, Environmental",1,3,24000,10000,34000,1,50,1,,,74.0,,2026-04-29,
Loughborough University,United Kingdom,,212,Graduate,"engineering, mechanical engineering, civil engineering","business, computer science, engineering, mechanical engineering, electrical engineering, civil engineering, chemical engineering, aerospace engineering",3.3,0,,6.5,79,110,4.0,"Sports Engineering, Automotive, Manufacturing",1,4,26000,12000,38000,1,50,1,,,55.0,,2026-04-29,
University of Bath,United Kingdom,,148,Graduate,"engineering, mechanical engineering, electrical engineering","business, computer science, engineering, mechanical engineering, electrical engineering, civil engineering, chemical engineering",3.4,0,,6.5,79,110,5.0,"Automotive, Power Electronics, Sustainability",1,3,28000,13000,41000,1,50,1,,,35.0,,2026-04-29,
University of Strathclyde,United Kingdom,,281,Graduate,"engineering, naval architecture, electrical engineering","business, computer science, engineering, mechanical engineering, electrical engineering, civil engineering, chemical engineering, aerospace engineering, biomedical engineering",3.2,0,,6.5,79,110,4.0,"Naval Architecture, Renewable Energy, Manufacturing",1,3,24000,11000,35000,1,50,1,,,55.0,,2026-04-29,
Heriot-Watt University,United Kingdom,,281,Graduate,"engineering, petroleum engineering, civil engineering","business, computer science, engineering, robotics, mechanical engineering, electrical engineering, civil engineering, chemical engineering",3.2,0,,6.0,60,100,4.0,"Petroleum, Robotics, Construction",1,3,22000,11000,33000,1,50,1,,,60.0,,2026-04-29,
Swansea University,United Kingdom,,425,Graduate,"engineering, aerospace engineering, civil engineering","business, computer science, engineering, mechanical engineering, electrical engineering, civil engineering, chemical engineering, aerospace engineering",3.1,0,,6.0,60,100,4.0,"Materials, Aerospace Structures, Energy",1,3,21000,10000,31000,1,50,1,,,65.0,,2026-04-29,
University of Aberdeen,United Kingdom,,236,Graduate,"engineering, petroleum engineering, chemical engineering","business, computer science, engineering, mechanical engineering, electrical engineering, civil engineering, chemical engineering",3.2,0,,6.0,60,100,4.0,"Oil & Gas, Subsea Engineering, Chemistry",1,3,22000,10000,32000,1,50,1,,,65.0,,2026-04-29,
University of Surrey,United Kingdom,,244,Graduate,"engineering, electronic engineering, aerospace engineering","business, computer science, engineering, mechanical engineering, electrical engineering, civil engineering, chemical engineering, aerospace engineering, biomedical engineering",3.3,0,,6.5,79,110,5.0,"Space, Satellite, Electronic Engineering",1,3,24000,12000,36000,1,50,1,,,52.0,,2026-04-29,
Cardiff University,United Kingdom,,154,Graduate,"engineering, civil engineering, mechanical engineering","business, computer science, engineering, mechanical engineering, electrical engineering, civil engineering",3.3,0,,6.5,79,110,4.0,"Civil, Structural, Water Engineering",1,3,25000,11000,36000,1,50,1,,,45.0,,2026-04-29,
Cranfield University,United Kingdom,,500,Graduate,"aerospace engineering, mechanical engineering, manufacturing","business, computer science, engineering, mechanical engineering, aerospace engineering, industrial engineering",3.3,0,,6.5,79,110,5.0,"Aerospace, Defence, Manufacturing",1,3,26000,12000,38000,1,50,1,,,40.0,,2026-04-29,
University of Dundee,United Kingdom,,350,Graduate,"engineering, civil engineering, biomedical engineering","computer science, engineering, mechanical engineering, electrical engineering, civil engineering, biomedical engineering",3.1,0,,6.0,60,100,4.0,"Civil, Biomedical, Renewable Energy",1,3,21000,10000,31000,1,50,1,,,65.0,,2026-04-29,
Queen's University Belfast,United Kingdom,,202,Graduate,"engineering, electrical engineering, civil engineering","business, computer science, engineering, mechanical engineering, electrical engineering, civil engineering, chemical engineering, aerospace engineering",3.2,0,,6.0,60,100,4.0,"Electronics, Structural, Cybersecurity",1,3,22000,9000,31000,1,50,1,,,55.0,,2026-04-29,
Brunel University London,United Kingdom,,343,Graduate,"engineering, aerospace engineering, mechanical engineering","business, computer science, engineering, mechanical engineering, electrical engineering, civil engineering, aerospace engineering, biomedical engineering",3.1,0,,6.0,60,100,3.0,"Design, Manufacturing, Aerospace",1,3,20000,14000,34000,1,50,1,,,62.0,,2026-04-29,
Aston University,United Kingdom,,446,Graduate,"engineering, chemical engineering, electrical engineering","business, computer science, engineering, mechanical engineering, electrical engineering, chemical engineering",3.1,0,,6.0,60,100,3.0,"Chemical, Electrical, Photonics",1,3,19000,11000,30000,1,50,1,,,70.0,,2026-04-29,
University of Portsmouth,United Kingdom,,500,Graduate,"engineering, civil engineering, mechanical engineering","business, computer science, engineering, mechanical engineering, electrical engineering, civil engineering",3.0,0,,6.0,60,100,3.0,"Civil, Mechanical, Electronic",1,3,18000,10000,28000,1,25,1,,,72.0,,2026-04-29,
Queen's University,Canada,,209,Graduate,"engineering, mining engineering, chemical engineering","business, computer science, engineering, mechanical engineering, electrical engineering, civil engineering, chemical engineering",3.3,0,,6.5,79,110,5.0,"Mining, Chemical, Electrical",1,4,25000,12000,37000,1,50,1,,,42.0,,2026-04-29,
Dalhousie University,Canada,,298,Graduate,"engineering, civil engineering, electrical engineering","business, computer science, engineering, mechanical engineering, electrical engineering, civil engineering, chemical engineering, biomedical engineering, industrial engineering",3.2,0,,6.5,79,110,4.0,"Ocean, Environmental, Biomedical",1,3,22000,11000,33000,1,50,1,,,55.0,,2026-04-29,
University of Victoria,Canada,,322,Graduate,"engineering, mechanical engineering, electrical engineering","business, computer science, engineering, mechanical engineering, electrical engineering, civil engineering, biomedical engineering",3.2,0,,6.5,79,110,4.0,"Clean Energy, Ocean Technology, Software",1,3,21000,13000,34000,1,50,1,,,58.0,,2026-04-29,
University of Manitoba,Canada,,500,Graduate,"engineering, civil engineering, electrical engineering","business, computer science, engineering, mechanical engineering, electrical engineering, civil engineering, biomedical engineering",3.1,0,,6.5,79,110,3.0,"Structural, Biosystems, Electrical",1,3,16000,10000,26000,1,50,1,,,70.0,,2026-04-29,
University of Saskatchewan,Canada,,460,Graduate,"engineering, chemical engineering, civil engineering","business, computer science, engineering, mechanical engineering, electrical engineering, civil engineering, chemical engineering, biomedical engineering",3.1,0,,6.5,79,110,4.0,"Mining, Environmental, Petroleum",1,3,15000,10000,25000,1,50,1,,,72.0,,2026-04-29,
Western University,Canada,,172,Graduate,"engineering, chemical engineering, mechanical engineering","business, computer science, engineering, mechanical engineering, electrical engineering, civil engineering, chemical engineering, biomedical engineering",3.3,0,,6.5,79,110,5.0,"Biomedical, Chemical, Wind Energy",1,4,24000,11000,35000,1,50,1,,,48.0,,2026-04-29,
Concordia University,Canada,,387,Graduate,"engineering, aerospace engineering, civil engineering","business, computer science, engineering, mechanical engineering, electrical engineering, civil engineering, aerospace engineering, industrial engineering",3.1,0,,6.5,79,110,4.0,"Aerospace, Building Engineering, Software",1,3,20000,13000,33000,1,50,1,,,65.0,,2026-04-29,
York University,Canada,,353,Graduate,"engineering, civil engineering, electrical engineering","business, computer science, engineering, mechanical engineering, electrical engineering, civil engineering",3.2,0,,6.5,79,110,3.0,"Space, Civil, Software",1,3,22000,14000,36000,1,50,1,,,58.0,,2026-04-29,
Carleton University,Canada,,441,Graduate,"engineering, aerospace engineering, electrical engineering","business, computer science, engineering, mechanical engineering, electrical engineering, civil engineering, aerospace engineering, biomedical engineering",3.2,0,,6.5,79,110,4.0,"Aerospace, Sustainable Building, Electronics",1,3,23000,12000,35000,1,50,1,,,60.0,,2026-04-29,
University of Guelph,Canada,,400,Graduate,"engineering, environmental engineering, biological engineering","computer science, engineering, mechanical engineering, civil engineering, biomedical engineering",3.2,0,,6.5,79,110,4.0,"Biological, Environmental, Water Resources",1,3,20000,12000,32000,1,50,1,,,62.0,,2026-04-29,
University of Windsor,Canada,,500,Graduate,"engineering, mechanical engineering, electrical engineering","business, computer science, engineering, mechanical engineering, electrical engineering, civil engineering, industrial engineering",3.0,0,,6.5,79,110,3.0,"Automotive, Mechanical, Environmental",1,3,18000,10000,28000,1,50,1,,,75.0,,2026-04-29,
Memorial University of Newfoundland,Canada,,500,Graduate,"engineering, civil engineering, mechanical engineering","business, computer science, engineering, mechanical engineering, electrical engineering, civil engineering",3.0,0,,6.5,79,110,4.0,"Ocean, Oil & Gas, Cold Regions",1,3,12000,10000,22000,1,50,1,,,78.0,,2026-04-29,
University of New Brunswick,Canada,,500,Graduate,"engineering, civil engineering, electrical engineering","computer science, engineering, mechanical engineering, electrical engineering, civil engineering, chemical engineering",3.0,0,,6.5,79,110,3.0,"Geodesy, Civil, Electrical",1,3,14000,10000,24000,1,50,1,,,75.0,,2026-04-29,
Toronto Metropolitan University,Canada,,470,Graduate,"engineering, civil engineering, aerospace engineering","business, computer science, engineering, mechanical engineering, electrical engineering, civil engineering, chemical engineering, aerospace engineering, biomedical engineering",3.1,0,,6.5,79,110,3.0,"Urban Engineering, Aerospace, Electrical",1,3,24000,14000,38000,1,50,1,,,55.0,,2026-04-29,
Laval University,Canada,,420,Graduate,"engineering, electrical engineering, civil engineering","business, computer science, engineering, mechanical engineering, electrical engineering, civil engineering, chemical engineering",3.1,0,,6.5,79,110,4.0,"Optics, Geotechnical, Software",1,3,14000,11000,25000,1,50,1,,,65.0,,2026-04-29,
RMIT University,Australia,,123,Graduate,"engineering, aerospace engineering, mechanical engineering","business, computer science, engineering, mechanical engineering, electrical engineering, civil engineering, chemical engineering, aerospace engineering, biomedical engineering",3.2,0,,6.5,79,110,4.0,"Aerospace, Manufacturing, Sustainable Systems",1,3,32000,15000,47000,1,50,1,,,55.0,,2026-04-29,
University of Newcastle Australia,Australia,,173,Graduate,"engineering, chemical engineering, civil engineering","business, computer science, engineering, mechanical engineering, electrical engineering, civil engineering, chemical engineering, biomedical engineering",3.2,0,,6.5,79,110,4.0,"Chemical, Environmental, Clean Energy",1,3,30000,12000,42000,1,50,1,,,60.0,,2026-04-29,
Curtin University,Australia,,174,Graduate,"engineering, mining engineering, chemical engineering","business, computer science, engineering, mechanical engineering, electrical engineering, civil engineering, chemical engineering",3.1,0,,6.5,79,110,4.0,"Mining, Petroleum, Metallurgy",1,3,31000,13000,44000,1,50,1,,,62.0,,2026-04-29,
Queensland University of Technology,Australia,,189,Graduate,"engineering, civil engineering, electrical engineering","business, computer science, engineering, robotics, mechanical engineering, electrical engineering, civil engineering, chemical engineering, biomedical engineering",3.2,0,,6.5,79,110,4.0,"Robotics, Civil, Biomedical",1,4,31000,13000,44000,1,50,1,,,58.0,,2026-04-29,
Deakin University,Australia,,233,Graduate,"engineering, mechanical engineering, civil engineering","business, computer science, engineering, mechanical engineering, electrical engineering, civil engineering",3.1,0,,6.0,60,100,3.0,"Advanced Materials, Renewable Energy",1,3,29000,13000,42000,1,50,1,,,65.0,,2026-04-29,
University of Wollongong,Australia,,162,Graduate,"engineering, civil engineering, mechanical engineering","business, computer science, engineering, mechanical engineering, electrical engineering, civil engineering, biomedical engineering",3.2,0,,6.5,79,110,4.0,"Materials, Civil, Superconductors",1,3,30000,12000,42000,1,50,1,,,55.0,,2026-04-29,
Griffith University,Australia,,243,Graduate,"engineering, civil engineering, electronic engineering","business, computer science, engineering, mechanical engineering, electrical engineering, civil engineering",3.1,0,,6.5,79,110,3.0,"Environmental, Electronic, Water",1,3,28000,12000,40000,1,50,1,,,68.0,,2026-04-29,
University of South Australia,Australia,,326,Graduate,"engineering, mechanical engineering, electrical engineering","business, computer science, engineering, mechanical engineering, electrical engineering, civil engineering",3.1,0,,6.0,60,100,3.0,"Defence, Mining, Autonomous Systems",1,3,28000,11000,39000,1,50,1,,,70.0,,2026-04-29,
University of Tasmania,Australia,,307,Graduate,"engineering, civil engineering, electronic engineering","business, computer science, engineering, mechanical engineering, electrical engineering, civil engineering",3.1,0,,6.0,60,100,4.0,"Marine, Environmental, Renewable Energy",1,3,27000,10000,37000,1,50,1,,,72.0,,2026-04-29,
Swinburne University of Technology,Australia,,285,Graduate,"engineering, mechanical engineering, civil engineering","business, computer science, engineering, mechanical engineering, electrical engineering, civil engineering",3.1,0,,6.5,79,110,3.0,"Manufacturing, Astrophysics, Smart Structures",1,3,30000,14000,44000,1,50,1,,,65.0,,2026-04-29,
La Trobe University,Australia,,362,Graduate,"engineering, civil engineering","business, computer science, engineering, electrical engineering, civil engineering, biomedical engineering",3.0,0,,6.0,60,100,3.0,"Biomedical, Civil, IT",1,3,27000,13000,40000,1,50,1,,,72.0,,2026-04-29,
Western Sydney University,Australia,,468,Graduate,"engineering, civil engineering, mechanical engineering","business, computer science, engineering, mechanical engineering, electrical engineering, civil engineering",3.0,0,,6.0,60,100,3.0,"Construction, Renewable Energy",1,3,26000,14000,40000,1,25,1,,,75.0,,2026-04-29,
University of Stuttgart,Germany,,285,Graduate,"engineering, aerospace engineering, mechanical engineering","computer science, engineering, mechanical engineering, electrical engineering, civil engineering, chemical engineering, aerospace engineering, industrial engineering",3.3,0,,6.5,79,110,5.0,"Automotive, Aerospace, Computational",1,3,3000,12000,15000,1,50,1,,,40.0,,2026-04-29,
TU Darmstadt,Germany,,246,Graduate,"engineering, electrical engineering, mechanical engineering","business, computer science, engineering, mechanical engineering, electrical engineering, civil engineering, chemical engineering",3.3,0,,6.5,79,110,5.0,"Electrical, Mechanical, Computer Science",1,3,3000,12000,15000,1,50,1,,,35.0,,2026-04-29,
TU Braunschweig,Germany,,400,Graduate,"engineering, aerospace engineering, mechanical engineering","computer science, engineering, mechanical engineering, electrical engineering, civil engineering, aerospace engineering",3.2,0,,6.0,60,100,5.0,"Automotive, Aerospace, Pharmaceutical",1,3,2000,10000,12000,1,50,1,,,50.0,,2026-04-29,
Leibniz University Hannover,Germany,,350,Graduate,"engineering, mechanical engineering, electrical engineering","business, computer science, engineering, mechanical engineering, electrical engineering, civil engineering, chemical engineering",3.2,0,,6.0,60,100,5.0,"Geodesy, Manufacturing, Optics",1,3,2500,11000,13500,1,50,1,,,45.0,,2026-04-29,
University of Erlangen-Nuremberg,Germany,,232,Graduate,"engineering, mechanical engineering, chemical engineering","business, computer science, engineering, mechanical engineering, electrical engineering, chemical engineering, biomedical engineering",3.3,0,,6.5,79,110,5.0,"Materials, Photonics, Medical Engineering",1,3,2500,11000,13500,1,50,1,,,38.0,,2026-04-29,
University of Duisburg-Essen,Germany,,400,Graduate,"engineering, mechanical engineering, electrical engineering","business, computer science, engineering, mechanical engineering, electrical engineering, civil engineering, industrial engineering",3.1,0,,6.0,60,100,4.0,"Nanotechnology, Water, Energy",1,3,2000,10000,12000,1,50,1,,,55.0,,2026-04-29,
TU Kaiserslautern,Germany,,450,Graduate,"engineering, mechanical engineering, electrical engineering","computer science, engineering, mechanical engineering, electrical engineering, civil engineering, chemical engineering",3.1,0,,6.0,60,100,4.0,"Mechanical, Electrical, Software",1,3,2000,9000,11000,1,50,1,,,55.0,,2026-04-29,
University of Rostock,Germany,,500,Graduate,"engineering, mechanical engineering, electrical engineering","computer science, engineering, mechanical engineering, electrical engineering, aerospace engineering",3.0,0,,6.0,60,100,3.0,"Maritime, Aerospace, Mechanical",1,3,1500,9000,10500,1,50,1,,,65.0,,2026-04-29,
Brandenburg University of Technology,Germany,,500,Graduate,"engineering, civil engineering, environmental engineering","computer science, engineering, mechanical engineering, electrical engineering, civil engineering",3.0,0,,6.0,60,100,3.0,"Energy, Environmental, Civil",1,3,1500,8500,10000,1,50,1,,,70.0,,2026-04-29,
University of Siegen,Germany,,500,Graduate,"engineering, mechanical engineering, electrical engineering","computer science, engineering, mechanical engineering, electrical engineering, civil engineering",3.0,0,,6.0,60,100,3.0,"Electrical, Mechanical, Materials",1,3,1500,9000,10500,1,50,1,,,65.0,,2026-04-29,
Otto von Guericke University Magdeburg,Germany,,500,Graduate,"engineering, mechanical engineering, chemical engineering","business, computer science, engineering, mechanical engineering, electrical engineering, chemical engineering, industrial engineering",3.1,0,,6.0,60,100,4.0,"Mechanical, Chemical, Process Engineering",1,3,2000,8500,10500,1,50,1,,,60.0,,2026-04-29,
University of Bayreuth,Germany,,450,Graduate,"engineering, materials engineering","business, computer science, engineering, mechanical engineering, chemical engineering",3.1,0,,6.0,60,100,4.0,"Materials, Energy, Polymer",1,3,2000,9000,11000,1,50,1,,,55.0,,2026-04-29,
University of Hawaii at Manoa,United States,,500,Graduate,"engineering, civil engineering, electrical engineering","business, computer science, engineering, mechanical engineering, electrical engineering, civil engineering",3.1,1,310.0,6.0,60,100,4.0,"Ocean, Renewable Energy, Seismic",1,3,25000,15000,40000,1,50,1,,,72.0,,2026-04-29,
University of Idaho,United States,,500,Graduate,"engineering, civil engineering, mechanical engineering","business, computer science, engineering, mechanical engineering, electrical engineering, civil engineering, chemical engineering",3.0,1,310.0,6.0,60,100,3.0,"Nuclear, Materials, Civil",1,3,18000,9000,27000,1,50,1,,,78.0,,2026-04-29,
University of Wyoming,United States,,500,Graduate,"engineering, petroleum engineering, chemical engineering","computer science, engineering, mechanical engineering, electrical engineering, civil engineering, chemical engineering",3.0,1,310.0,6.0,60,100,3.0,"Petroleum, Chemical, Atmospheric",1,3,17000,9000,26000,1,50,1,,,82.0,,2026-04-29,
Montana State University,United States,,500,Graduate,"engineering, civil engineering, mechanical engineering","computer science, engineering, mechanical engineering, electrical engineering, civil engineering, chemical engineering",3.0,1,310.0,6.0,60,100,3.0,"Civil, Mechanical, Biofilm",1,3,19000,10000,29000,1,50,1,,,80.0,,2026-04-29,
University of Nevada Reno,United States,,500,Graduate,"engineering, civil engineering, mining engineering","business, computer science, engineering, mechanical engineering, electrical engineering, civil engineering, chemical engineering, biomedical engineering",3.1,1,310.0,6.0,60,100,4.0,"Earthquake, Mining, Civil",1,3,21000,12000,33000,1,50,1,,,80.0,,2026-04-29,
San Diego State University,United States,,500,Graduate,"engineering, civil engineering, aerospace engineering","business, computer science, engineering, mechanical engineering, electrical engineering, civil engineering, aerospace engineering, biomedical engineering",3.2,1,310.0,6.5,79,110,3.0,"Structural, Aerospace, Environmental",1,3,20000,14000,34000,1,50,1,,,38.0,,2026-04-29,
San Jose State University,United States,,500,Graduate,"engineering, electrical engineering, mechanical engineering","business, computer science, engineering, mechanical engineering, electrical engineering, civil engineering, chemical engineering, aerospace engineering, biomedical engineering, industrial engineering",3.1,1,310.0,6.5,79,110,3.0,"Software, Electrical, Materials",1,3,19000,16000,35000,1,25,1,,,55.0,,2026-04-29,
University of Texas Dallas,United States,,370,Graduate,"engineering, electrical engineering, mechanical engineering","business, computer science, engineering, mechanical engineering, electrical engineering, biomedical engineering",3.2,1,312.0,6.5,79,110,4.0,"Telecom, Semiconductors, Biomedical",1,3,26000,12000,38000,1,50,1,,,50.0,,2026-04-29,
University of Texas Arlington,United States,,500,Graduate,"engineering, aerospace engineering, civil engineering","business, computer science, engineering, mechanical engineering, electrical engineering, civil engineering, aerospace engineering, biomedical engineering, industrial engineering",3.1,1,310.0,6.0,60,100,3.0,"Aerospace, Civil, Mechanical",1,3,22000,11000,33000,1,50,1,,,70.0,,2026-04-29,
University of Illinois Chicago,United States,,280,Graduate,"engineering, biomedical engineering, civil engineering","business, computer science, engineering, mechanical engineering, electrical engineering, civil engineering, chemical engineering, biomedical engineering, industrial engineering",3.3,1,312.0,6.5,79,110,4.0,"Bioengineering, Civil, Electrical",1,3,27000,14000,41000,1,50,1,,,58.0,,2026-04-29,
Wayne State University,United States,,500,Graduate,"engineering, mechanical engineering, electrical engineering","business, computer science, engineering, mechanical engineering, electrical engineering, civil engineering, chemical engineering, biomedical engineering, industrial engineering",3.1,1,310.0,6.0,60,100,4.0,"Automotive, Biomedical, Industrial",1,3,24000,12000,36000,1,50,1,,,72.0,,2026-04-29,
University of Dayton,United States,,500,Graduate,"engineering, aerospace engineering, mechanical engineering","business, computer science, engineering, mechanical engineering, electrical engineering, civil engineering, chemical engineering, aerospace engineering",3.1,1,310.0,6.0,60,100,4.0,"Aerospace, Materials, Renewable Energy",1,3,28000,10000,38000,1,50,1,,,74.0,,2026-04-29,
Mississippi State University,United States,,500,Graduate,"engineering, aerospace engineering, civil engineering","business, computer science, engineering, mechanical engineering, electrical engineering, civil engineering, chemical engineering, aerospace engineering, biomedical engineering, industrial engineering",3.0,1,310.0,6.0,60,100,4.0,"Aerospace, Computational, Agriculture",1,3,20000,9000,29000,1,50,1,,,70.0,,2026-04-29,
Louisiana State University,United States,,410,Graduate,"engineering, petroleum engineering, chemical engineering","business, computer science, engineering, mechanical engineering, electrical engineering, civil engineering, chemical engineering, biomedical engineering, industrial engineering",3.1,1,310.0,6.5,79,110,4.0,"Petroleum, Chemical, Coastal",1,3,22000,10000,32000,1,50,1,,,74.0,,2026-04-29,
Oklahoma State University,United States,,500,Graduate,"engineering, aerospace engineering, mechanical engineering","business, computer science, engineering, mechanical engineering, electrical engineering, civil engineering, chemical engineering, aerospace engineering, industrial engineering",3.0,1,310.0,6.0,60,100,3.0,"Aerospace, Fire Protection, Industrial",1,3,20000,10000,30000,1,50,1,,,73.0,,2026-04-29,
Kansas State University,United States,,500,Graduate,"engineering, civil engineering, mechanical engineering, architecture","architecture, business, computer science, engineering, mechanical engineering, electrical engineering, civil engineering, chemical engineering, industrial engineering",3.0,1,310.0,6.0,60,100,3.0,"Nuclear, Biological, Architectural",1,3,19000,9000,28000,1,50,1,,,85.0,,2026-04-29,
West Virginia University,United States,,500,Graduate,"engineering, mining engineering, aerospace engineering","business, computer science, engineering, mechanical engineering, electrical engineering, civil engineering, chemical engineering, aerospace engineering, industrial engineering",3.0,1,310.0,6.0,60,100,3.0,"Mining, Aerospace, Petroleum",1,3,21000,9000,30000,1,50,1,,,85.0,,2026-04-29,
New Mexico State University,United States,,500,Graduate,"engineering, aerospace engineering, civil engineering","business, computer science, engineering, mechanical engineering, electrical engineering, civil engineering, chemical engineering, aerospace engineering, industrial engineering",3.0,1,310.0,6.0,60,100,3.0,"Aerospace, Chemical, Civil",1,3,18000,10000,28000,1,50,1,,,78.0,,2026-04-29,
University of Tulsa,United States,,500,Graduate,"engineering, petroleum engineering, chemical engineering","business, computer science, engineering, mechanical engineering, electrical engineering, chemical engineering",3.2,1,310.0,6.5,79,110,4.0,"Petroleum, Chemical, Cybersecurity",1,3,32000,10000,42000,1,75,1,,,60.0,,2026-04-29,
Marquette University,United States,,500,Graduate,"engineering, biomedical engineering, civil engineering","business, computer science, engineering, mechanical engineering, electrical engineering, civil engineering, biomedical engineering",3.2,1,310.0,6.5,79,110,3.0,"Biomedical, Electrical, Civil",1,3,35000,12000,47000,1,50,1,,,68.0,,2026-04-29,
University of Akron,United States,,500,Graduate,"engineering, chemical engineering, mechanical engineering","business, computer science, engineering, mechanical engineering, electrical engineering, civil engineering, chemical engineering, biomedical engineering",3.0,1,310.0,6.0,60,100,4.0,"Polymer, Chemical, Corrosion",1,3,19000,10000,29000,1,50,1,,,80.0,,2026-04-29,
Binghamton University SUNY,United States,,410,Graduate,"engineering, mechanical engineering, biomedical engineering","business, computer science, engineering, mechanical engineering, electrical engineering, biomedical engineering, industrial engineering",3.2,1,312.0,6.5,79,110,4.0,"Biomedical, Electronics, Systems",1,3,24000,12000,36000,1,50,1,,,42.0,,2026-04-29,
Colorado School of Mines,United States,,350,Graduate,"engineering, mining engineering, petroleum engineering","computer science, engineering, mechanical engineering, electrical engineering, civil engineering, chemical engineering",3.3,1,315.0,6.5,79,110,5.0,"Mining, Petroleum, Metallurgy, Nuclear",1,3,28000,12000,40000,1,50,1,,,50.0,,2026-04-29,
George Mason University,United States,,380,Graduate,"engineering, electrical engineering, civil engineering","business, computer science, engineering, mechanical engineering, electrical engineering, civil engineering, biomedical engineering",3.2,1,310.0,6.5,79,110,3.0,"Cybersecurity, Systems, Bioengineering",1,3,30000,15000,45000,1,50,1,,,55.0,,2026-04-29,
University of North Texas,United States,,500,Graduate,"engineering, mechanical engineering, electrical engineering","business, computer science, engineering, mechanical engineering, electrical engineering, biomedical engineering",3.0,1,310.0,6.0,60,100,3.0,"Materials, Mechanical, Energy",1,3,19000,11000,30000,1,50,1,,,73.0,,2026-04-29,
Florida International University,United States,,410,Graduate,"engineering, civil engineering, biomedical engineering","business, computer science, engineering, mechanical engineering, electrical engineering, civil engineering, biomedical engineering, industrial engineering",3.1,1,310.0,6.5,79,110,4.0,"Infrastructure, Biomedical, Construction",1,3,20000,13000,33000,1,50,1,,,58.0,,2026-04-29,
Wichita State University,United States,,500,Graduate,"engineering, aerospace engineering, mechanical engineering","business, computer science, engineering, mechanical engineering, electrical engineering, aerospace engineering, industrial engineering",3.0,1,310.0,6.0,60,100,4.0,"Aerospace, Manufacturing, Composites",1,3,16000,9000,25000,1,50,1,,,85.0,,2026-04-29,
University of Memphis,United States,,500,Graduate,"engineering, civil engineering, mechanical engineering","business, computer science, engineering, mechanical engineering, electrical engineering, civil engineering, biomedical engineering",3.0,1,310.0,6.0,60,100,3.0,"Earthquake, Civil, Electrical",1,3,18000,10000,28000,1,50,1,,,75.0,,2026-04-29,
Wright State University,United States,,500,Graduate,"engineering, mechanical engineering, electrical engineering","business, computer science, engineering, mechanical engineering, electrical engineering, biomedical engineering, industrial engineering",3.0,1,310.0,6.0,60,100,3.0,"Aerospace, Human Factors, Renewable",1,3,17000,10000,27000,1,50,1,,,85.0,,2026-04-29,
University of Texas El Paso,United States,,500,Graduate,"engineering, civil engineering, mechanical engineering","business, computer science, engineering, mechanical engineering, electrical engineering, civil engineering, industrial engineering",3.0,1,310.0,6.0,60,100,3.0,"Metallurgy, Civil, Environmental",1,3,15000,9000,24000,1,50,1,,,85.0,,2026-04-29,
University of East Anglia,United Kingdom,,295,Graduate,"engineering, environmental engineering","business, computer science, engineering, mechanical engineering, electrical engineering",3.1,0,,6.0,60,100,3.0,"Environmental, Energy, Computing",1,3,20000,10000,30000,1,50,1,,,65.0,,2026-04-29,
University of Kent,United Kingdom,,450,Graduate,"engineering, electronic engineering, mechanical engineering","business, computer science, engineering, mechanical engineering, electrical engineering",3.1,0,,6.0,60,100,3.0,"Electronic, Mechanical, Embedded Systems",1,3,20000,10000,30000,1,50,1,,,68.0,,2026-04-29,
Northumbria University,United Kingdom,,400,Graduate,"engineering, mechanical engineering, electrical engineering","business, computer science, engineering, mechanical engineering, electrical engineering, civil engineering",3.0,0,,6.0,60,100,3.0,"Mechanical, Electrical, Renewable",1,3,18000,10000,28000,1,25,1,,,72.0,,2026-04-29,
City University of London,United Kingdom,,328,Graduate,"engineering, aeronautics, civil engineering","business, computer science, engineering, mechanical engineering, electrical engineering, civil engineering, aerospace engineering, biomedical engineering",3.2,0,,6.5,79,110,4.0,"Aeronautics, Biomedical, Systems",1,3,24000,15000,39000,1,50,1,,,55.0,,2026-04-29,
University of Huddersfield,United Kingdom,,500,Graduate,"engineering, mechanical engineering, electronic engineering","business, computer science, engineering, mechanical engineering, electrical engineering",3.0,0,,6.0,60,100,3.0,"Precision Engineering, Computing, Energy",1,3,17000,9000,26000,1,25,1,,,75.0,,2026-04-29,
University of Hull,United Kingdom,,500,Graduate,"engineering, mechanical engineering, chemical engineering","business, computer science, engineering, mechanical engineering, electrical engineering, chemical engineering",3.0,0,,6.0,60,100,3.0,"Chemical, Energy, Marine",1,3,17000,9000,26000,1,25,1,,,78.0,,2026-04-29,
University of Plymouth,United Kingdom,,500,Graduate,"engineering, civil engineering, mechanical engineering","business, computer science, engineering, mechanical engineering, electrical engineering, civil engineering",3.0,0,,6.0,60,100,3.0,"Marine, Civil, Coastal",1,3,17000,10000,27000,1,25,1,,,75.0,,2026-04-29,
University of Regina,Canada,,500,Graduate,"engineering, petroleum engineering, industrial engineering","business, computer science, engineering, mechanical engineering, electrical engineering, industrial engineering",3.0,0,,6.5,79,110,3.0,"Petroleum, Environmental, Industrial",1,3,13000,9000,22000,1,50,1,,,80.0,,2026-04-29,
University of Sherbrooke,Canada,,500,Graduate,"engineering, mechanical engineering, electrical engineering","business, computer science, engineering, robotics, mechanical engineering, electrical engineering, civil engineering, chemical engineering",3.1,0,,6.5,79,110,4.0,"Robotics, Clean Energy, Microsystems",1,3,14000,10000,24000,1,50,1,,,60.0,,2026-04-29,
University of Lethbridge,Canada,,500,Graduate,"engineering, biosystems engineering","business, computer science, engineering",3.0,0,,6.5,79,110,3.0,"Biosystems, Water, Alternative Energy",1,3,12000,9000,21000,1,50,1,,,80.0,,2026-04-29,
Lakehead University,Canada,,500,Graduate,"engineering, civil engineering, electrical engineering","computer science, engineering, mechanical engineering, electrical engineering, civil engineering, chemical engineering",3.0,0,,6.5,79,110,3.0,"Civil, Electrical, Software",1,3,14000,9000,23000,1,50,1,,,78.0,,2026-04-29,
Ecole de Technologie Superieure,Canada,,480,Graduate,"engineering, mechanical engineering, electrical engineering, aerospace engineering","computer science, engineering, mechanical engineering, electrical engineering, civil engineering, aerospace engineering, industrial engineering",3.1,0,,6.5,79,110,4.0,"Manufacturing, Aerospace, Construction",1,4,15000,12000,27000,1,50,1,,,55.0,,2026-04-29,
Flinders University,Australia,,382,Graduate,"engineering, biomedical engineering, electronic engineering","business, computer science, engineering, robotics, mechanical engineering, electrical engineering, civil engineering, biomedical engineering",3.0,0,,6.0,60,100,3.0,"Defence, Biomedical, Robotics",1,3,26000,11000,37000,1,50,1,,,72.0,,2026-04-29,
University of Canberra,Australia,,500,Graduate,"engineering, software engineering","business, computer science, engineering",3.0,0,,6.0,60,100,3.0,"Environmental, Software, Network",1,3,25000,13000,38000,1,25,1,,,75.0,,2026-04-29,
Charles Darwin University,Australia,,500,Graduate,"engineering, civil engineering, electrical engineering","computer science, engineering, mechanical engineering, electrical engineering, civil engineering",3.0,0,,6.0,60,100,3.0,"Civil, Environmental, Renewable",1,3,24000,12000,36000,1,25,1,,,80.0,,2026-04-29,
James Cook University,Australia,,415,Graduate,"engineering, civil engineering, electrical engineering","business, computer science, engineering, mechanical engineering, electrical engineering, civil engineering, chemical engineering",3.0,0,,6.0,60,100,3.0,"Marine, Tropical, Environmental",1,3,27000,11000,38000,1,50,1,,,68.0,,2026-04-29,
Murdoch University,Australia,,500,Graduate,"engineering, electrical engineering","business, computer science, engineering, electrical engineering, industrial engineering",3.0,0,,6.0,60,100,3.0,"Renewable Energy, IT, Environmental",1,3,25000,11000,36000,1,25,1,,,75.0,,2026-04-29,
TU Clausthal,Germany,,500,Graduate,"engineering, mining engineering, chemical engineering","computer science, engineering, mechanical engineering, chemical engineering",3.0,0,,6.0,60,100,4.0,"Mining, Materials, Recycling",1,3,1500,8500,10000,1,50,1,,,70.0,,2026-04-29,
TU Ilmenau,Germany,,500,Graduate,"engineering, electrical engineering, mechanical engineering","computer science, engineering, mechanical engineering, electrical engineering, biomedical engineering",3.0,0,,6.0,60,100,3.0,"Precision, Mechatronics, Media",1,3,1500,8000,9500,1,50,1,,,68.0,,2026-04-29,
University of Paderborn,Germany,,500,Graduate,"engineering, mechanical engineering, electrical engineering","business, computer science, engineering, mechanical engineering, electrical engineering, chemical engineering",3.1,0,,6.0,60,100,4.0,"Lightweight Design, Photonics, IT",1,3,2000,9000,11000,1,50,1,,,60.0,,2026-04-29,
Hamburg University of Technology,Germany,,400,Graduate,"engineering, mechanical engineering, civil engineering","computer science, engineering, mechanical engineering, electrical engineering, civil engineering, chemical engineering, aerospace engineering, biomedical engineering",3.2,0,,6.0,60,100,5.0,"Aviation, Maritime, Bioprocess",1,3,2000,12000,14000,1,50,1,,,45.0,,2026-04-29,
TU Chemnitz,Germany,,500,Graduate,"engineering, mechanical engineering, electrical engineering","computer science, engineering, mechanical engineering, electrical engineering",3.0,0,,6.0,60,100,4.0,"Manufacturing, Materials, Smart Systems",1,3,1500,8000,9500,1,50,1,,,65.0,,2026-04-29,
TU Bergakademie Freiberg,Germany,,500,Graduate,"engineering, mining engineering, mechanical engineering","computer science, engineering, mechanical engineering, chemical engineering",3.0,0,,6.0,60,100,4.0,"Mining, Metallurgy, Geoscience",1,3,1500,8000,9500,1,50,1,,,70.0,,2026-04-29,
TU Dortmund,Germany,,400,Graduate,"engineering, chemical engineering, mechanical engineering","business, computer science, engineering, mechanical engineering, electrical engineering, chemical engineering, biomedical engineering",3.1,0,,6.0,60,100,4.0,"Chemical, Industrial, Logistics",1,3,2000,10000,12000,1,50,1,,,55.0,,2026-04-29,
University of Kassel,Germany,,500,Graduate,"engineering, mechanical engineering, electrical engineering","computer science, engineering, mechanical engineering, electrical engineering, civil engineering",3.0,0,,6.0,60,100,3.0,"Renewable Energy, Sustainable Engineering",1,3,1500,9000,10500,1,50,1,,,65.0,,2026-04-29,
University of Wuppertal,Germany,,500,Graduate,"engineering, civil engineering, architecture","architecture, computer science, engineering, mechanical engineering, electrical engineering, civil engineering",3.0,0,,6.0,60,100,3.0,"Civil, Safety, Architecture",1,3,2000,9000,11000,1,50,1,,,62.0,,2026-04-29,
University of Augsburg,Germany,,500,Graduate,"engineering, materials engineering","business, computer science, engineering",3.1,0,,6.0,60,100,4.0,"Materials, Physics, Environmental",1,3,2000,10000,12000,1,50,1,,,55.0,,2026-04-29,
University of Alabama,United States,,470,Graduate,"engineering, aerospace engineering, mechanical engineering","business, computer science, engineering, mechanical engineering, electrical engineering, civil engineering, chemical engineering, aerospace engineering",3.1,1,310.0,6.5,79,110,4.0,"Aerospace, Mechanical Systems",1,3,24000,10000,34000,1,50,1,,,80.0,,2026-04-29,
University of Arkansas,United States,,490,Graduate,"engineering, industrial engineering, civil engineering","business, computer science, engineering, mechanical engineering, electrical engineering, civil engineering, chemical engineering, biomedical engineering, industrial engineering",3.1,1,308.0,6.5,79,110,3.0,"Transportation, Industrial Systems",1,3,22000,9000,31000,1,50,1,,,78.0,,2026-04-29,
Mississippi State University,United States,,500,Graduate,"engineering, aerospace engineering, mechanical engineering","business, computer science, engineering, mechanical engineering, electrical engineering, civil engineering, chemical engineering, aerospace engineering, biomedical engineering, industrial engineering",3.0,1,305.0,6.0,60,100,4.0,"Aerospace, Computational Engineering",1,3,21000,9000,30000,1,50,1,,,82.0,,2026-04-29,
University of Wyoming,United States,,500,Graduate,"engineering, petroleum engineering, chemical engineering","business, computer science, engineering, mechanical engineering, electrical engineering, civil engineering, chemical engineering",3.0,1,305.0,6.0,60,100,3.0,"Energy, Petroleum, Environmental",1,3,18000,10000,28000,1,50,1,,,95.0,,2026-04-29,
South Dakota School of Mines,United States,,500,Graduate,"engineering, mining engineering, chemical engineering","computer science, engineering, mechanical engineering, electrical engineering, civil engineering, chemical engineering, industrial engineering",3.0,1,305.0,6.0,60,100,3.0,"Mining, Materials, Chemical",1,3,16000,9000,25000,1,50,1,,,88.0,,2026-04-29,
New Mexico State University,United States,,500,Graduate,"engineering, electrical engineering, civil engineering","business, computer science, engineering, mechanical engineering, electrical engineering, civil engineering, chemical engineering, industrial engineering",3.0,1,305.0,6.0,60,100,3.0,"Electrical, Water Resources",1,3,19000,10000,29000,1,50,1,,,85.0,,2026-04-29,
University of Idaho,United States,,500,Graduate,"engineering, electrical engineering, mechanical engineering","business, computer science, engineering, mechanical engineering, electrical engineering, civil engineering, chemical engineering",3.0,1,305.0,6.0,60,100,3.0,"Environmental, Nuclear, Electrical",1,3,20000,9000,29000,1,50,1,,,80.0,,2026-04-29,
Montana State University,United States,,500,Graduate,"engineering, mechanical engineering, electrical engineering","computer science, engineering, mechanical engineering, electrical engineering, civil engineering, chemical engineering, industrial engineering",3.0,1,305.0,6.0,60,100,3.0,"Mechanical Systems, Optics",1,3,21000,10000,31000,1,50,1,,,85.0,,2026-04-29,
Louisiana State University,United States,,450,Graduate,"engineering, petroleum engineering, chemical engineering","business, computer science, engineering, mechanical engineering, electrical engineering, civil engineering, chemical engineering, biomedical engineering, industrial engineering",3.1,1,308.0,6.5,79,110,4.0,"Petroleum, Chemical, Coastal Engineering",1,3,24000,10000,34000,1,50,1,,,74.0,,2026-04-29,
University of Nevada Reno,United States,,500,Graduate,"engineering, civil engineering, mechanical engineering","business, computer science, engineering, mechanical engineering, electrical engineering, civil engineering, chemical engineering",3.0,1,305.0,6.0,60,100,3.0,"Earthquake Engineering, Mining",1,3,22000,12000,34000,1,50,1,,,85.0,,2026-04-29,
University of Memphis,United States,,500,Graduate,"engineering, biomedical engineering, civil engineering","business, computer science, engineering, mechanical engineering, electrical engineering, civil engineering, biomedical engineering",3.0,1,305.0,6.0,60,100,3.0,"Biomedical, Civil, Electrical",1,3,20000,10000,30000,1,50,1,,,88.0,,2026-04-29,
Boise State University,United States,,500,Graduate,"engineering, mechanical engineering, electrical engineering","business, computer science, engineering, mechanical engineering, electrical engineering, civil engineering",3.0,1,305.0,6.0,60,100,3.0,"Materials Science, Computing",1,3,21000,11000,32000,1,50,1,,,82.0,,2026-04-29,
University of North Dakota,United States,,500,Graduate,"engineering, aerospace engineering, chemical engineering","business, computer science, engineering, mechanical engineering, electrical engineering, civil engineering, chemical engineering, aerospace engineering",3.0,1,305.0,6.0,60,100,3.0,"Aerospace, Chemical Engineering",1,3,18000,9000,27000,1,50,1,,,85.0,,2026-04-29,
Wichita State University,United States,,500,Graduate,"engineering, aerospace engineering, industrial engineering","business, computer science, engineering, mechanical engineering, electrical engineering, aerospace engineering, industrial engineering",3.0,1,305.0,6.0,60,100,3.0,"Aerospace Manufacturing, Industrial",1,3,18000,9000,27000,1,50,1,,,92.0,,2026-04-29,
Wright State University,United States,,500,Graduate,"engineering, aerospace engineering, biomedical engineering","business, computer science, engineering, mechanical engineering, electrical engineering, aerospace engineering, biomedical engineering, industrial engineering",3.0,1,305.0,6.0,60,100,3.0,"Aerospace, Biomedical Engineering",1,3,19000,10000,29000,1,50,1,,,95.0,,2026-04-29,
University of Toledo,United States,,500,Graduate,"engineering, chemical engineering, biomedical engineering","business, computer science, engineering, mechanical engineering, electrical engineering, civil engineering, chemical engineering, biomedical engineering",3.0,1,305.0,6.0,60,100,3.0,"Solar Energy, Chemical, Biomedical",1,3,20000,10000,30000,1,50,1,,,90.0,,2026-04-29,
San Diego State University,United States,,450,Graduate,"engineering, civil engineering, aerospace engineering","business, computer science, engineering, mechanical engineering, electrical engineering, civil engineering, aerospace engineering, biomedical engineering",3.2,1,310.0,6.5,79,110,4.0,"Structural, Aerospace, Environmental",1,3,23000,15000,38000,1,50,1,,,38.0,,2026-04-29,
Missouri University of Science and Technology,United States,,470,Graduate,"engineering, civil engineering, mining engineering","business, computer science, engineering, mechanical engineering, electrical engineering, civil engineering, chemical engineering, aerospace engineering",3.1,1,310.0,6.5,79,110,4.0,"Mining, Explosives, Civil Engineering",1,3,24000,10000,34000,1,50,1,,,82.0,,2026-04-29,
Stevens Institute of Technology,United States,,400,Graduate,"engineering, systems engineering, mechanical engineering","business, computer science, engineering, mechanical engineering, electrical engineering, civil engineering, chemical engineering, biomedical engineering",3.3,1,315.0,6.5,79,110,4.0,"Systems Engineering, AI, Maritime",1,4,42000,16000,58000,1,50,1,,,45.0,,2026-04-29,
Embry-Riddle Aeronautical University,United States,,500,Graduate,"engineering, aerospace engineering, mechanical engineering","computer science, engineering, mechanical engineering, electrical engineering, aerospace engineering",3.1,1,310.0,6.5,79,110,4.0,"Aerospace, Aviation, Mechanical",1,3,36000,12000,48000,1,50,1,,,65.0,,2026-04-29,
Florida International University,United States,,450,Graduate,"engineering, civil engineering, biomedical engineering","business, computer science, engineering, mechanical engineering, electrical engineering, civil engineering, biomedical engineering, industrial engineering",3.1,1,308.0,6.5,79,110,4.0,"Civil, Biomedical, Environmental",1,3,22000,14000,36000,1,50,1,,,58.0,,2026-04-29,
University of Central Florida,United States,,440,Graduate,"engineering, aerospace engineering, electrical engineering","business, computer science, engineering, mechanical engineering, electrical engineering, civil engineering, aerospace engineering, industrial engineering",3.2,1,310.0,6.5,79,110,4.0,"Optics, Simulation, Aerospace",1,3,23000,13000,36000,1,50,1,,,44.0,,2026-04-29,
Wayne State University,United States,,480,Graduate,"engineering, mechanical engineering, biomedical engineering","business, computer science, engineering, mechanical engineering, electrical engineering, civil engineering, chemical engineering, biomedical engineering, industrial engineering",3.1,1,308.0,6.5,79,110,4.0,"Automotive, Biomedical, Chemical",1,3,25000,12000,37000,1,50,1,,,75.0,,2026-04-29,
University of Alabama at Birmingham,United States,,490,Graduate,"engineering, biomedical engineering, civil engineering","business, computer science, engineering, mechanical engineering, electrical engineering, civil engineering, biomedical engineering",3.1,1,308.0,6.5,79,110,4.0,"Biomedical, Materials, Civil",1,3,22000,10000,32000,1,50,1,,,82.0,,2026-04-29,
West Virginia University,United States,,500,Graduate,"engineering, mining engineering, aerospace engineering","business, computer science, engineering, mechanical engineering, electrical engineering, civil engineering, chemical engineering, aerospace engineering, industrial engineering",3.0,1,305.0,6.0,60,100,3.0,"Mining, Aerospace, Industrial",1,3,22000,9000,31000,1,50,1,,,85.0,,2026-04-29,
University of Vermont,United States,,490,Graduate,"engineering, biomedical engineering, civil engineering","business, computer science, engineering, mechanical engineering, electrical engineering, civil engineering, biomedical engineering",3.2,1,310.0,6.5,79,110,3.0,"Biomedical, Environmental, Sustainable Systems",1,3,35000,13000,48000,1,50,1,,,65.0,,2026-04-29,
University of Tulsa,United States,,500,Graduate,"engineering, petroleum engineering, chemical engineering","business, computer science, engineering, mechanical engineering, electrical engineering, chemical engineering",3.1,1,310.0,6.5,79,110,3.0,"Petroleum, Chemical, Mechanical",1,3,32000,10000,42000,1,60,1,,,70.0,,2026-04-29,
Worcester Polytechnic Institute,United States,,400,Graduate,"engineering, mechanical engineering, biomedical engineering","business, computer science, engineering, mechanical engineering, electrical engineering, civil engineering, chemical engineering, aerospace engineering, biomedical engineering",3.3,1,315.0,6.5,79,110,4.0,"Robotics, Biomedical, Materials",1,4,42000,14000,56000,1,50,1,,,52.0,,2026-04-29,
Aston University,United Kingdom,,480,Graduate,"engineering, chemical engineering, mechanical engineering","business, computer science, engineering, mechanical engineering, electrical engineering, chemical engineering, biomedical engineering",3.0,0,0.0,6.0,60,100,3.0,"Chemical, Mechanical, Biomedical",1,3,18000,12000,30000,1,40,1,,,72.0,,2026-04-29,
University of Dundee,United Kingdom,,470,Graduate,"engineering, civil engineering, biomedical engineering","business, computer science, engineering, mechanical engineering, electrical engineering, civil engineering, biomedical engineering",3.0,0,0.0,6.0,60,100,3.0,"Biomedical, Civil, Energy",1,3,19000,11000,30000,1,40,1,,,68.0,,2026-04-29,
University of Portsmouth,United Kingdom,,490,Graduate,"engineering, mechanical engineering, civil engineering","business, computer science, engineering, mechanical engineering, electrical engineering, civil engineering",3.0,0,0.0,6.0,60,100,3.0,"Mechanical, Civil, Electronic",1,3,17000,11000,28000,1,30,1,,,75.0,,2026-04-29,
Brunel University London,United Kingdom,,412,Graduate,"engineering, mechanical engineering, aerospace engineering","business, computer science, engineering, mechanical engineering, electrical engineering, civil engineering, aerospace engineering, biomedical engineering",3.1,0,0.0,6.5,79,110,4.0,"Mechanical, Aerospace, Electronic",1,3,20000,13000,33000,1,40,1,,,65.0,,2026-04-29,
University of Plymouth,United Kingdom,,500,Graduate,"engineering, civil engineering, mechanical engineering","business, computer science, engineering, mechanical engineering, electrical engineering, civil engineering",3.0,0,0.0,6.0,60,100,3.0,"Marine, Civil, Mechanical",1,3,16000,10000,26000,1,30,1,,,78.0,,2026-04-29,
University of Hull,United Kingdom,,500,Graduate,"engineering, chemical engineering, mechanical engineering","business, computer science, engineering, mechanical engineering, electrical engineering, chemical engineering",3.0,0,0.0,6.0,60,100,3.0,"Chemical, Energy, Mechanical",1,3,16000,10000,26000,1,30,1,,,80.0,,2026-04-29,
City University of London,United Kingdom,,340,Graduate,"engineering, biomedical engineering, civil engineering","business, computer science, engineering, mechanical engineering, electrical engineering, civil engineering, aerospace engineering, biomedical engineering",3.2,0,0.0,6.5,79,110,4.0,"Aeronautics, Biomedical, Systems",1,3,22000,14000,36000,1,40,1,,,55.0,,2026-04-29,
Heriot-Watt University,United Kingdom,,360,Graduate,"engineering, petroleum engineering, chemical engineering","business, computer science, engineering, mechanical engineering, electrical engineering, civil engineering, chemical engineering",3.1,0,0.0,6.0,60,100,4.0,"Petroleum, Chemical, Mechanical",1,3,19000,12000,31000,1,40,1,,,62.0,,2026-04-29,
University of Salford,United Kingdom,,500,Graduate,"engineering, civil engineering, mechanical engineering","business, computer science, engineering, mechanical engineering, electrical engineering, civil engineering",3.0,0,0.0,6.0,60,100,3.0,"Acoustic, Civil, Mechanical",1,3,16000,10000,26000,1,30,1,,,82.0,,2026-04-29,
Northumbria University,United Kingdom,,460,Graduate,"engineering, mechanical engineering, electrical engineering","business, computer science, engineering, mechanical engineering, electrical engineering",3.0,0,0.0,6.0,60,100,3.0,"Mechanical, Electrical, Renewable Energy",1,3,17000,10000,27000,1,30,1,,,70.0,,2026-04-29,
University of New Brunswick,Canada,,500,Graduate,"engineering, civil engineering, chemical engineering","business, computer science, engineering, mechanical engineering, electrical engineering, civil engineering, chemical engineering",3.0,0,0.0,6.5,79,110,3.0,"Civil, Mechanical, Chemical",1,3,15000,10000,25000,1,40,1,,,70.0,,2026-04-29,
University of Manitoba,Canada,,450,Graduate,"engineering, civil engineering, electrical engineering","business, computer science, engineering, mechanical engineering, electrical engineering, civil engineering, biomedical engineering",3.1,0,0.0,6.5,79,110,4.0,"Civil, Biosystems, Electrical",1,3,16000,11000,27000,1,40,1,,,65.0,,2026-04-29,
University of Saskatchewan,Canada,,460,Graduate,"engineering, chemical engineering, civil engineering","business, computer science, engineering, mechanical engineering, electrical engineering, civil engineering, chemical engineering, biomedical engineering",3.1,0,0.0,6.5,79,110,4.0,"Mining, Environmental, Chemical",1,3,15000,10000,25000,1,40,1,,,68.0,,2026-04-29,
Memorial University of Newfoundland,Canada,,500,Graduate,"engineering, civil engineering, mechanical engineering","business, computer science, engineering, mechanical engineering, electrical engineering, civil engineering",3.0,0,0.0,6.5,79,110,3.0,"Ocean, Civil, Process Engineering",1,3,12000,10000,22000,1,40,1,,,72.0,,2026-04-29,
Lakehead University,Canada,,500,Graduate,"engineering, civil engineering, electrical engineering","computer science, engineering, mechanical engineering, electrical engineering, civil engineering, chemical engineering",3.0,0,0.0,6.5,79,110,3.0,"Civil, Mechanical, Electrical",1,3,14000,10000,24000,1,30,1,,,75.0,,2026-04-29,
University of Windsor,Canada,,480,Graduate,"engineering, mechanical engineering, industrial engineering","business, computer science, engineering, mechanical engineering, electrical engineering, civil engineering, industrial engineering",3.0,0,0.0,6.5,79,110,3.0,"Automotive, Industrial, Environmental",1,3,16000,11000,27000,1,40,1,,,68.0,,2026-04-29,
University of Regina,Canada,,500,Graduate,"engineering, petroleum engineering, industrial engineering","business, computer science, engineering, mechanical engineering, electrical engineering, industrial engineering",3.0,0,0.0,6.5,79,110,3.0,"Petroleum, Environmental, Industrial",1,3,14000,10000,24000,1,40,1,,,75.0,,2026-04-29,
Carleton University,Canada,,400,Graduate,"engineering, aerospace engineering, electrical engineering","business, computer science, engineering, mechanical engineering, electrical engineering, civil engineering, aerospace engineering, biomedical engineering",3.2,0,0.0,6.5,79,110,4.0,"Aerospace, Biomedical, Electrical",1,3,20000,12000,32000,1,50,1,,,55.0,,2026-04-29,
Royal Military College of Canada,Canada,,500,Graduate,"engineering, mechanical engineering, chemical engineering","computer science, engineering, mechanical engineering, electrical engineering, civil engineering, chemical engineering",3.1,0,0.0,6.5,79,110,4.0,"Mechanical, Chemical, Electrical",1,4,10000,10000,20000,1,100,1,,,40.0,,2026-04-29,
Toronto Metropolitan University,Canada,,480,Graduate,"engineering, biomedical engineering, electrical engineering","business, computer science, engineering, mechanical engineering, electrical engineering, civil engineering, chemical engineering, aerospace engineering, biomedical engineering, industrial engineering",3.1,0,0.0,6.5,79,110,3.0,"Biomedical, Electrical, Industrial",1,3,22000,14000,36000,1,40,1,,,55.0,,2026-04-29,
Flinders University,Australia,,400,Graduate,"engineering, biomedical engineering, electrical engineering","business, computer science, engineering, electrical engineering, civil engineering, biomedical engineering",3.0,0,0.0,6.0,60,100,3.0,"Biomedical, Environmental, Electronics",1,3,28000,14000,42000,1,40,1,,,70.0,,2026-04-29,
La Trobe University,Australia,,450,Graduate,"engineering, civil engineering, electrical engineering","business, computer science, engineering, electrical engineering, civil engineering, biomedical engineering",3.0,0,0.0,6.0,60,100,3.0,"Civil, Electronics, Biomedical",1,3,30000,14000,44000,1,40,1,,,72.0,,2026-04-29,
Murdoch University,Australia,,490,Graduate,"engineering, chemical engineering, electrical engineering","business, computer science, engineering, electrical engineering, chemical engineering, industrial engineering",3.0,0,0.0,6.0,60,100,3.0,"Renewable Energy, Chemical, Electrical",1,3,27000,13000,40000,1,30,1,,,78.0,,2026-04-29,
University of Southern Queensland,Australia,,500,Graduate,"engineering, mechanical engineering, civil engineering","business, computer science, engineering, mechanical engineering, electrical engineering, civil engineering",3.0,0,0.0,6.0,60,100,3.0,"Mechanical, Civil, Agricultural",1,3,25000,12000,37000,1,30,1,,,82.0,,2026-04-29,
Charles Darwin University,Australia,,500,Graduate,"engineering, civil engineering, mechanical engineering","computer science, engineering, mechanical engineering, electrical engineering, civil engineering",3.0,0,0.0,6.0,60,100,3.0,"Civil, Mechanical, Environmental",1,3,25000,13000,38000,1,30,1,,,85.0,,2026-04-29,
Victoria University,Australia,,490,Graduate,"engineering, mechanical engineering, electrical engineering","business, computer science, engineering, mechanical engineering, electrical engineering, civil engineering",3.0,0,0.0,6.0,60,100,3.0,"Mechanical, Electrical, Civil",1,3,26000,14000,40000,1,30,1,,,75.0,,2026-04-29,
University of Canberra,Australia,,480,Graduate,"engineering, electrical engineering, computer science","business, computer science, engineering, electrical engineering",3.0,0,0.0,6.0,60,100,3.0,"Software, Electrical, Cyber Security",1,3,28000,14000,42000,1,30,1,,,70.0,,2026-04-29,
Edith Cowan University,Australia,,490,Graduate,"engineering, mechanical engineering, civil engineering","business, computer science, engineering, mechanical engineering, electrical engineering, civil engineering",3.0,0,0.0,6.0,60,100,3.0,"Cybersecurity, Mechanical, Civil",1,3,27000,13000,40000,1,30,1,,,78.0,,2026-04-29,
James Cook University,Australia,,460,Graduate,"engineering, chemical engineering, civil engineering","business, computer science, engineering, mechanical engineering, electrical engineering, civil engineering, chemical engineering",3.0,0,0.0,6.0,60,100,3.0,"Environmental, Chemical, Marine",1,3,28000,13000,41000,1,40,1,,,72.0,,2026-04-29,
University of the Sunshine Coast,Australia,,500,Graduate,"engineering, civil engineering, mechanical engineering","business, computer science, engineering, mechanical engineering, civil engineering",3.0,0,0.0,6.0,60,100,3.0,"Civil, Mechanical, Environmental",1,3,25000,12000,37000,1,25,1,,,85.0,,2026-04-29,
Western Sydney University,Australia,,470,Graduate,"engineering, mechanical engineering, civil engineering","business, computer science, engineering, mechanical engineering, electrical engineering, civil engineering, industrial engineering",3.0,0,0.0,6.0,60,100,3.0,"Mechanical, Civil, Renewable Energy",1,3,29000,14000,43000,1,35,1,,,72.0,,2026-04-29,
Griffith University,Australia,,380,Graduate,"engineering, civil engineering, electronic engineering","business, computer science, engineering, mechanical engineering, electrical engineering, civil engineering, biomedical engineering",3.1,0,0.0,6.5,79,110,3.0,"Civil, Electronic, Biomedical",1,3,30000,14000,44000,1,40,1,,,65.0,,2026-04-29,
University of Tasmania,Australia,,417,Graduate,"engineering, civil engineering, mechanical engineering","business, computer science, engineering, mechanical engineering, electrical engineering, civil engineering",3.0,0,0.0,6.0,60,100,4.0,"Marine, Civil, Environmental",1,3,29000,12000,41000,1,40,1,,,68.0,,2026-04-29,
TU Hamburg,Germany,,400,Graduate,"engineering, mechanical engineering, chemical engineering","computer science, engineering, mechanical engineering, electrical engineering, civil engineering, chemical engineering",3.1,0,,6.0,60,100,4.0,"Mechanical, Civil, Chemical Process",1,3,2000,11000,13000,1,50,1,,,50.0,,2026-04-29,
Leibniz University Hannover,Germany,,350,Graduate,"engineering, mechanical engineering, electrical engineering","business, computer science, engineering, mechanical engineering, electrical engineering, civil engineering, chemical engineering, biomedical engineering",3.1,0,,6.0,60,100,5.0,"Mechanical, Civil, Electrical, Geodesy",1,3,2000,10000,12000,1,50,1,,,48.0,,2026-04-29,
TU Kaiserslautern,Germany,,420,Graduate,"engineering, mechanical engineering, electrical engineering","computer science, engineering, mechanical engineering, electrical engineering",3.0,0,,6.0,60,100,4.0,"Mechanical, Electrical, Computer Science",1,3,1500,9000,10500,1,50,1,,,55.0,,2026-04-29,
University of Rostock,Germany,,480,Graduate,"engineering, mechanical engineering, aerospace engineering","computer science, engineering, mechanical engineering, electrical engineering, aerospace engineering",3.0,0,,6.0,60,100,4.0,"Mechanical, Electrical, Aerospace",1,3,1500,8000,9500,1,50,1,,,60.0,,2026-04-29,
University of Magdeburg,Germany,,470,Graduate,"engineering, mechanical engineering, chemical engineering","computer science, engineering, mechanical engineering, electrical engineering, chemical engineering, biomedical engineering, industrial engineering",3.0,0,,6.0,60,100,4.0,"Mechanical, Chemical, Process Engineering",1,3,1500,8000,9500,1,50,1,,,58.0,,2026-04-29,
Karlsruhe University of Applied Sciences,Germany,,500,Graduate,"engineering, mechanical engineering, electrical engineering","business, computer science, engineering, mechanical engineering, electrical engineering, civil engineering",3.0,0,,6.0,60,100,3.0,"Mechanical, Electrical, Automotive",1,3,1500,10000,11500,1,40,1,,,65.0,,2026-04-29,
University of Bayreuth,Germany,,440,Graduate,"engineering, materials engineering, chemical engineering","business, computer science, engineering, mechanical engineering, electrical engineering, chemical engineering, biomedical engineering",3.1,0,,6.0,60,100,4.0,"Materials, Energy, Chemical",1,3,2000,9000,11000,1,50,1,,,52.0,,2026-04-29,
Brandenburg University of Technology,Germany,,500,Graduate,"engineering, civil engineering, environmental engineering","computer science, engineering, mechanical engineering, electrical engineering, civil engineering",3.0,0,,6.0,60,100,3.0,"Environmental, Civil, Mechanical",1,3,1500,8000,9500,1,50,1,,,68.0,,2026-04-29,
University of Siegen,Germany,,500,Graduate,"engineering, mechanical engineering, electrical engineering","business, computer science, engineering, mechanical engineering, electrical engineering",3.0,0,,6.0,60,100,3.0,"Mechanical, Electrical, Materials",1,3,1500,8000,9500,1,50,1,,,60.0,,2026-04-29,
University of Paderborn,Germany,,460,Graduate,"engineering, mechanical engineering, electrical engineering","business, computer science, engineering, mechanical engineering, electrical engineering, chemical engineering",3.0,0,,6.0,60,100,4.0,"Mechanical, Electrical, Computer",1,3,1500,9000,10500,1,50,1,,,55.0,,2026-04-29,
University of Ulm,Germany,,370,Graduate,"engineering, electrical engineering, biomedical engineering","computer science, engineering, electrical engineering, chemical engineering, biomedical engineering",3.1,0,,6.0,60,100,5.0,"Electrical, Biomedical, Microelectronics",1,3,2000,10000,12000,1,50,1,,,48.0,,2026-04-29,
TU Ilmenau,Germany,,500,Graduate,"engineering, electrical engineering, mechanical engineering","computer science, engineering, mechanical engineering, electrical engineering, biomedical engineering",3.0,0,,6.0,60,100,4.0,"Electrical, Mechanical, Precision Engineering",1,3,1500,7000,8500,1,50,1,,,62.0,,2026-04-29,
University of Duisburg-Essen,Germany,,380,Graduate,"engineering, mechanical engineering, civil engineering","business, computer science, engineering, mechanical engineering, electrical engineering, civil engineering, biomedical engineering, industrial engineering",3.1,0,,6.0,60,100,4.0,"Mechanical, Civil, Nanoscience",1,3,2000,10000,12000,1,50,1,,,52.0,,2026-04-29,
