university_name,country,degree_level,programs_offered,qs_ranking,min_gpa,min_gre,Ielts_requirement,tuition_fee,acceptance_rate,research_focus,scholarship_available,max_coverage_percent,research_weight,eca_weight,living_cost,total_cost_estimated,work_visa_available,agriculture,architecture,arts,arts_&_humanities,astronomy,biology,biotech,business,chemistry,cinema,computer_science,computing,design,economics,education,energy,engineering,environmental_science,environmental_studies,film_&_media,game_design,hotel_management,humanities,informatics,international_affairs,international_relations,journalism,law,life_sciences,management,marine_sciences,materials,materials_science,mathematics,medicine,meteorology,natural_sciences,physical_sciences,physics,politics,public_affairs,public_health,public_policy,robotics,sciences,social_sciences,theology,tourism,wind_energy,mechanical_engineering,electrical_engineering,civil_engineering,chemical_engineering,aerospace_engineering,biomedical_engineering,industrial_engineering
University of Oxford,United Kingdom,Graduate,"computer science, engineering, medicine, law, economics, humanities",4,3.7,,7.0,45000,17.5,"Humanities & Social Sciences, Biomedical Sciences, Climate & Environmental Science, AI & Quantum",1,100,5,5,17907,62907,1,0,0.0,0,0,0,0,0,0,0,0,1,0,0,1,0,0,1,0,0,0,0,0,1,0,0,0,0,1,0,0,0,0,0,0,1.0,0,0,0,0,0,0,0,0,0.0,0,0,0,0,0,1,1,1,1,0,1,0
Massachusetts Institute of Technology,United States,Graduate,"engineering, computer science, physics, biology, management, architecture",1,3.8,325.0,7.0,59000,4.0,"AI & Machine Learning, Robotics, Biotechnology, Quantum Computing, Sustainable Energy",1,100,5,5,14993,73993,1,0,1.0,0,0,0,1,0,0,0,0,1,0,0,0,0,0,1,0,0,0,0,0,0,0,0,0,0,0,0,1,0,0,0,0,0.0,0,0,0,1,0,0,0,0,0.0,0,0,0,0,0,1,1,0,1,1,0,1
Harvard University,United States,Graduate,"medicine, law, business, social sciences, biology, public policy",5,3.8,322.0,7.0,54000,3.2,"Biomedical Research, Global Health, Economics, AI Ethics & Policy",1,100,5,5,10603,64603,0,0,0.0,0,0,0,1,0,1,0,0,0,0,0,0,0,0,0,0,0,0,0,0,0,0,0,0,0,1,0,0,0,0,0,0,1.0,0,0,0,0,0,0,0,1,0.0,0,1,0,0,0,0,0,0,0,0,0,0
Princeton University,United States,Graduate,"physics, mathematics, economics, politics, engineering, public affairs",22,3.9,320.0,7.0,59000,5.7,"Theoretical Physics, Macroeconomics, Public Policy, Quantum Science",1,100,5,5,13802,72802,0,0,0.0,0,0,0,0,0,0,0,0,0,0,0,1,0,0,1,0,0,0,0,0,0,0,0,0,0,0,0,0,0,0,0,1,0.0,0,0,0,1,1,1,0,0,0.0,0,0,0,0,0,1,1,1,0,0,1,0
University of Cambridge,United Kingdom,Graduate,"engineering, medicine, computer science, natural sciences, law, business",6,3.7,,7.0,42000,21.0,"Astrophysics, Biosciences, History & Archaeology, Materials Science",1,100,5,5,10623,52623,0,0,0.0,0,0,0,0,0,1,0,0,1,0,0,0,0,0,1,0,0,0,0,0,0,0,0,0,0,1,0,0,0,0,0,0,1.0,0,1,0,0,0,0,0,0,0.0,0,0,0,0,0,1,1,1,1,1,0,0
Stanford University,United States,Graduate,"computer science, engineering, business, medicine, law, humanities",3,3.8,325.0,7.0,57000,3.9,"AI & Entrepreneurship, Biotech & Genomics, Sustainable Energy, Neuroscience",1,100,5,5,10575,67575,1,0,0.0,0,0,0,0,0,1,0,0,1,0,0,0,0,0,1,0,0,0,0,0,1,0,0,0,0,1,0,0,0,0,0,0,1.0,0,0,0,0,0,0,0,0,0.0,0,0,0,0,0,1,1,1,1,0,1,0
California Institute of Technology,United States,Graduate,"physics, engineering, biology, chemistry, computer science",10,3.9,330.0,7.0,63000,3.0,"Space Science & Astronomy, Quantum Physics, Neuroscience, Materials Science",1,100,5,5,19137,82137,0,0,0.0,0,0,0,1,0,0,1,0,1,0,0,0,0,0,1,0,0,0,0,0,0,0,0,0,0,0,0,0,0,0,0,0,0.0,0,0,0,1,0,0,0,0,0.0,0,0,0,0,0,1,1,1,0,1,1,1
"University of California, Berkeley",United States,Graduate,"computer science, engineering, business, economics, physics, environmental science",12,3.7,320.0,6.5,34000,11.6,"AI & Data Science, Renewable Energy, Social Justice & Policy, Neuroscience",1,100,5,5,18184,52184,1,0,0.0,0,0,0,0,0,1,0,0,1,0,0,1,0,0,1,1,0,0,0,0,0,0,0,0,0,0,0,0,0,0,0,0,0.0,0,0,0,1,0,0,0,0,0.0,0,0,0,0,0,1,1,0,1,0,1,1
Imperial College London,United Kingdom,Graduate,"engineering, medicine, computer science, business, physics",2,3.7,,7.0,48000,11.0,"AI & Data Science, Climate Change, Biomedical Engineering, Materials",1,100,5,5,8353,56353,0,0,0.0,0,0,0,0,0,1,0,0,1,0,0,0,0,0,1,0,0,0,0,0,0,0,0,0,0,0,0,0,0,0,0,0,1.0,0,0,0,1,0,0,0,0,0.0,0,0,0,0,0,1,1,1,0,1,1,1
Yale University,United States,Graduate,"law, medicine, business, environmental studies, arts & humanities",16,3.8,322.0,7.0,59000,4.6,"Public Health, Climate Science, Law & Policy, Global Affairs",1,100,5,5,13893,72893,0,0,0.0,0,1,0,0,0,1,0,0,0,0,0,0,0,0,0,0,1,0,0,0,0,0,0,0,0,1,0,0,0,0,0,0,1.0,0,0,0,0,0,0,0,0,0.0,0,0,0,0,0,0,0,0,0,0,0,0
ETH Zurich,Switzerland,Graduate,"engineering, computer science, physics, mathematics, biology",7,3.6,315.0,6.5,1800,27.0,"Robotics & AI, Quantum Technologies, Climate & Sustainability, Materials Science",1,100,5,3,9989,11789,1,0,0.0,0,0,0,1,0,0,0,0,1,0,0,0,0,0,1,0,0,0,0,0,0,0,0,0,0,0,0,0,0,0,0,1,0.0,0,0,0,1,0,0,0,0,0.0,0,0,0,0,0,1,1,1,0,0,1,1
Tsinghua University,China,Graduate,"engineering, computer science, business, economics, architecture",14,3.7,320.0,6.5,28000,6.0,"AI & Advanced Manufacturing, Renewable Energy, Biotech, Urban Planning",1,100,5,3,12889,40889,0,0,1.0,0,0,0,0,0,1,0,0,1,0,0,1,0,0,1,0,0,0,0,0,0,0,0,0,0,0,0,0,0,0,0,0,0.0,0,0,0,0,0,0,0,0,0.0,0,0,0,0,0,1,1,0,1,0,0,0
Peking University,China,Graduate,"medicine, law, business, social sciences, humanities",18,3.7,318.0,6.5,25000,7.0,"Biomedical Research, International Relations, Economics, AI Ethics",1,100,5,3,16865,41865,1,0,0.0,0,0,0,0,0,1,0,0,0,0,0,0,0,0,0,0,0,0,0,0,1,0,0,0,0,1,0,0,0,0,0,0,1.0,0,0,0,0,0,0,0,0,0.0,0,1,0,0,0,0,0,0,0,0,0,0
The University of Chicago,United States,Graduate,"business, economics, law, social sciences, physical sciences",11,3.8,325.0,7.0,62000,5.4,"Economics & Finance, Public Policy, Quantum Science, Biomedical",1,100,5,5,8399,70399,1,0,0.0,0,0,0,0,0,1,0,0,0,0,0,1,0,0,0,0,0,0,0,0,0,0,0,0,0,1,0,0,0,0,0,0,0.0,0,0,1,0,0,0,0,0,0.0,0,1,0,0,0,0,0,0,0,0,0,0
University of Pennsylvania,United States,Graduate,"business, medicine, law, engineering, social sciences",12,3.8,322.0,7.0,57000,6.5,"Healthcare Innovation, Finance & Entrepreneurship, Neuroscience, Social Policy",1,100,2,5,19447,76447,0,0,0.0,0,0,0,0,0,1,0,0,0,0,0,0,0,0,1,0,0,0,0,0,0,0,0,0,0,1,0,0,0,0,0,0,1.0,0,0,0,0,0,0,0,0,0.0,0,1,0,0,0,1,1,1,1,0,0,0
Johns Hopkins University,United States,Graduate,"medicine, public health, engineering, biology, international relations",16,3.7,325.0,7.0,61000,6.3,"Biomedical Research, Global Health, AI in Medicine, Neuroscience",1,100,5,5,8101,69101,1,0,0.0,0,0,0,1,0,0,0,0,0,0,0,0,0,0,1,0,0,0,0,0,0,0,0,1,0,0,0,0,0,0,0,0,1.0,0,0,0,0,0,0,1,0,0.0,0,0,0,0,0,1,1,1,0,0,0,0
National University of Singapore,Singapore,Graduate,"engineering, computer science, business, medicine, law",8,3.6,320.0,6.5,27000,7.2,"AI & Smart Systems, Biomedical Engineering, Sustainable Urban Solutions",1,100,5,3,16370,43370,0,0,0.0,0,0,0,0,0,1,0,0,1,0,0,0,0,0,1,0,0,0,0,0,0,0,0,0,0,1,0,0,0,0,0,0,1.0,0,0,0,0,0,0,0,0,0.0,0,0,0,0,0,1,1,1,0,0,1,1
Columbia University,United States,Graduate,"journalism, law, business, engineering, international affairs",23,3.7,325.0,7.0,65000,3.7,"Climate & Sustainability, Data Science, Global Health, Finance",1,100,5,5,9670,74670,1,0,0.0,0,0,0,0,0,1,0,0,0,0,0,0,0,0,1,0,0,0,0,0,0,0,1,0,1,1,0,0,0,0,0,0,0.0,0,0,0,0,0,0,0,0,0.0,0,0,0,0,0,1,1,1,0,0,1,1
"University of California, Los Angeles",United States,Graduate,"film & media, engineering, business, medicine, environmental science",29,3.7,320.0,6.5,33000,8.8,"Film & Entertainment, AI & Data Science, Environmental Science, Biotech",1,100,5,5,13372,46372,0,0,0.0,0,0,0,0,0,1,0,0,0,0,0,0,0,0,1,1,0,1,0,0,0,0,0,0,0,0,0,0,0,0,0,0,1.0,0,0,0,0,0,0,0,0,0.0,0,0,0,0,0,1,1,1,1,0,1,1
Cornell University,United States,Graduate,"engineering, hotel management, law, agriculture, computer science",20,3.7,320.0,7.0,61000,7.3,"AI & Robotics, Sustainable Agriculture, Hotel & Tourism Management",1,100,5,5,18417,79417,0,1,0.0,0,0,0,0,0,0,0,0,1,0,0,0,0,0,1,0,0,0,0,1,0,0,0,0,0,1,0,0,0,0,0,0,0.0,0,0,0,0,0,0,0,0,0.0,0,0,0,0,0,1,1,1,1,0,0,0
University of Toronto,Canada,Graduate,"engineering, computer science, medicine, business, law",29,3.6,324.0,6.5,26964,43.0,"AI & Quantum, Biomedical, Climate Change",1,100,5,5,14944,41908,0,0,0.0,0,0,0,0,0,1,0,0,1,0,0,0,0,0,1,0,0,0,0,0,0,0,0,0,0,1,0,0,0,0,0,0,1.0,0,0,0,0,0,0,0,0,0.0,0,0,0,0,0,1,1,1,0,0,0,0
UCL,United Kingdom,Graduate,"engineering, medicine, computer science, law, social sciences",9,3.7,,7.0,35000,36.0,"Neuroscience, AI, Global Health",1,100,5,5,19723,54723,1,0,0.0,0,0,0,0,0,0,0,0,1,0,0,0,0,0,1,0,0,0,0,0,0,0,0,0,0,1,0,0,0,0,0,0,1.0,0,0,0,0,0,0,0,0,0.0,0,1,0,0,0,1,1,1,1,0,0,0
University of Michigan - Ann Arbor,United States,Graduate,"engineering, business, medicine, law, social sciences",33,3.7,320.0,6.5,52000,17.7,"Autonomous Vehicles, Data Science, Public Health",1,100,3,5,18447,70447,1,0,0.0,0,0,0,0,0,1,0,0,0,0,0,0,0,0,1,0,0,0,0,0,0,0,0,0,0,1,0,0,0,0,0,0,1.0,0,0,0,0,0,0,0,0,0.0,0,1,0,0,0,1,1,1,1,1,1,0
Carnegie Mellon University,United States,Graduate,"computer science, engineering, robotics, business",52,3.7,325.0,7.0,59000,11.0,"AI, Cybersecurity, Robotics",1,50,5,5,19146,78146,0,0,0.0,0,0,0,0,0,1,0,0,1,0,0,0,0,0,1,0,0,0,0,0,0,0,0,0,0,0,0,0,0,0,0,0,0.0,0,0,0,0,0,0,0,0,1.0,0,0,0,0,0,1,1,1,1,1,0,0
University of Washington,United States,Graduate,"computer science, engineering, medicine, environmental science",63,3.6,315.0,6.5,31000,47.0,"Big Data, Climate, Health Informatics",1,50,3,5,10286,41286,0,0,0.0,0,0,0,0,0,0,0,0,1,0,0,0,0,0,1,1,0,0,0,0,0,0,0,0,0,0,0,0,0,0,0,0,1.0,0,0,0,0,0,0,0,0,0.0,0,0,0,0,0,1,1,1,0,0,0,1
Technical University of Munich,Germany,Graduate,"engineering, computer science, physics, management",28,3.4,310.0,6.5,3000,8.0,"AI, Sustainable Mobility, Quantum",1,100,5,2,12732,15732,1,0,0.0,0,0,0,0,0,0,0,0,1,0,0,0,0,0,1,0,0,0,0,0,0,0,0,0,0,0,0,1,0,0,0,0,0.0,0,0,0,1,0,0,0,0,0.0,0,0,0,0,0,1,1,1,0,0,1,0
Duke University,United States,Graduate,"medicine, law, business, engineering",25,3.8,322.0,7.0,62000,5.7,"Biomedicine, Environmental Policy",1,100,3,5,9476,71476,1,0,0.0,0,0,0,0,0,1,0,0,0,0,0,0,0,0,1,0,0,0,0,0,0,0,0,0,0,1,0,0,0,0,0,0,1.0,0,0,0,0,0,0,0,0,0.0,0,0,0,0,0,1,1,1,1,0,1,0
The University of Tokyo,Japan,Graduate,"engineering, medicine, law, sciences",32,3.6,315.0,6.0,5000,20.0,"Robotics, Materials, Disaster Science",1,100,5,3,17516,22516,0,0,0.0,0,0,0,0,0,0,0,0,0,0,0,0,0,0,1,0,0,0,0,0,0,0,0,0,0,1,0,0,0,0,0,0,1.0,0,0,0,0,0,0,0,0,0.0,1,0,0,0,0,1,1,1,1,0,0,0
University of Edinburgh,United Kingdom,Graduate,"medicine, informatics, social sciences",27,3.6,,6.5,36777,41.0,"AI, Climate, Data Science",1,100,5,5,11859,48636,1,0,0.0,0,0,0,0,0,0,0,0,0,0,0,0,0,0,0,0,0,0,0,0,0,1,0,0,0,0,0,0,0,0,0,0,1.0,0,0,0,0,0,0,0,0,0.0,0,1,0,0,0,0,0,0,0,0,0,0
Nanyang Technological University Singapore,Singapore,Graduate,"engineering, business, medicine",15,3.6,315.0,6.5,22000,25.0,"AI, Sustainability, Materials",1,100,5,3,19569,41569,0,0,0.0,0,0,0,0,0,1,0,0,0,0,0,0,0,0,1,0,0,0,0,0,0,0,0,0,0,0,0,0,0,0,0,0,1.0,0,0,0,0,0,0,0,0,0.0,0,0,0,0,0,1,1,1,0,1,0,1
Northwestern University,United States,Graduate,"business, medicine, law, engineering",50,3.8,322.0,7.0,61000,7.0,"Materials Science, Neuroscience",1,100,3,5,15568,76568,1,0,0.0,0,0,0,0,0,1,0,0,0,0,0,0,0,0,1,0,0,0,0,0,0,0,0,0,0,1,0,0,0,0,0,0,1.0,0,0,0,0,0,0,0,0,0.0,0,0,0,0,0,1,1,1,1,0,1,1
École Polytechnique Fédérale de Lausanne,Switzerland,Graduate,"engineering, computer science, life sciences",22,3.6,310.0,6.5,1800,12.0,"Robotics, Energy, Neuroscience",1,100,5,3,15755,17555,0,0,0.0,0,0,0,0,0,0,0,0,1,0,0,0,0,0,1,0,0,0,0,0,0,0,0,0,0,0,1,0,0,0,0,0,0.0,0,0,0,0,0,0,0,0,0.0,0,0,0,0,0,1,1,1,1,1,0,0
New York University,United States,Graduate,"business, law, computer science, arts",43,3.7,320.0,7.0,58000,8.0,"AI Ethics, Finance, Urban Studies",1,100,5,5,9111,67111,0,0,0.0,1,0,0,0,0,1,0,0,1,0,0,0,0,0,0,0,0,0,0,0,0,0,0,0,0,1,0,0,0,0,0,0,0.0,0,0,0,0,0,0,0,0,0.0,0,0,0,0,0,0,0,0,0,0,0,0
University of California San Diego,United States,Graduate,"engineering, medicine, biology, computer science",62,3.6,320.0,6.5,34000,24.0,"Biotech, Climate, AI",1,50,5,5,13693,47693,0,0,0.0,0,0,0,1,0,0,0,0,1,0,0,0,0,0,1,0,0,0,0,0,0,0,0,0,0,0,0,0,0,0,0,0,1.0,0,0,0,0,0,0,0,0,0.0,0,0,0,0,0,1,1,0,0,1,1,0
University of Hong Kong,Hong Kong,Graduate,"medicine, law, engineering, business",26,3.6,310.0,6.5,22000,12.0,"AI, Biomedicine, Law",1,100,5,3,8711,30711,0,0,0.0,0,0,0,0,0,1,0,0,0,0,0,0,0,0,1,0,0,0,0,0,0,0,0,0,0,1,0,0,0,0,0,0,1.0,0,0,0,0,0,0,0,0,0.0,0,0,0,0,0,1,1,0,0,0,1,1
Fudan University,China,Graduate,"medicine, business, social sciences",44,3.6,315.0,6.0,25000,6.0,"AI, Finance, Public Health",1,100,5,3,16190,41190,1,0,0.0,0,0,0,0,0,1,0,0,0,0,0,0,0,0,0,0,0,0,0,0,0,0,0,0,0,0,0,0,0,0,0,0,1.0,0,0,0,0,0,0,0,0,0.0,0,1,0,0,0,0,0,0,0,0,0,0
King’s College London,United Kingdom,Graduate,"medicine, law, business, humanities",40,3.6,,7.0,38000,17.0,"Neuroscience, Global Health",1,100,3,5,13357,51357,1,0,0.0,0,0,0,0,0,1,0,0,0,0,0,0,0,0,0,0,0,0,0,0,1,0,0,0,0,1,0,0,0,0,0,0,1.0,0,0,0,0,0,0,0,0,0.0,0,0,0,0,0,0,0,0,0,0,0,0
LMU Munich,Germany,Graduate,"medicine, law, business, sciences",59,3.4,310.0,6.5,3000,10.0,"Biomedicine, AI",1,50,5,2,12613,15613,1,0,0.0,0,0,0,0,0,1,0,0,0,0,0,0,0,0,0,0,0,0,0,0,0,0,0,0,0,1,0,0,0,0,0,0,1.0,0,0,0,0,0,0,0,0,0.0,1,0,0,0,0,0,0,0,0,0,0,0
University of Melbourne,Australia,Graduate,"medicine, engineering, business",13,3.5,,6.5,31284,19.7,"AI, Climate, Health",1,100,5,3,10837,42121,1,0,0.0,0,0,0,0,0,1,0,0,0,0,0,0,0,0,1,0,0,0,0,0,0,0,0,0,0,0,0,0,0,0,0,0,1.0,0,0,0,0,0,0,0,0,0.0,0,0,0,0,0,1,1,1,0,1,1,0
Georgia Institute of Technology,United States,Graduate,"engineering, computer science, business",97,3.6,320.0,6.5,33000,17.0,"AI, Robotics, Sustainability",1,50,5,5,14662,47662,1,0,0.0,0,0,0,0,0,1,0,0,1,0,0,0,0,0,1,0,0,0,0,0,0,0,0,0,0,0,0,0,0,0,0,0,0.0,0,0,0,0,0,0,0,0,0.0,0,0,0,0,0,1,1,1,0,0,0,1
University of British Columbia,Canada,Graduate,"engineering, medicine, business",38,3.5,315.0,6.5,28000,44.0,"Climate, AI, Biomed",1,100,5,5,14463,42463,1,0,0.0,0,0,0,0,0,1,0,0,0,0,0,0,0,0,1,0,0,0,0,0,0,0,0,0,0,0,0,0,0,0,0,0,1.0,0,0,0,0,0,0,0,0,0.0,0,0,0,0,0,1,1,1,0,0,1,0
Paris Sciences et Lettres – PSL Research University,France,Graduate,"sciences, humanities, engineering",24,3.5,,6.5,3000,10.0,"Physics, Social Sciences",1,100,5,3,10108,13108,0,0,0.0,0,0,0,0,0,0,0,0,0,0,0,0,0,0,1,0,0,0,0,0,1,0,0,0,0,0,0,0,0,0,0,0,0.0,0,0,0,0,0,0,0,0,0.0,1,0,0,0,0,1,1,1,0,1,0,0
KU Leuven,Belgium,Graduate,"engineering, medicine, sciences",61,3.4,310.0,6.5,6000,15.0,"AI, Biomed",1,50,5,3,19253,25253,1,0,0.0,0,0,0,0,0,0,0,0,0,0,0,0,0,0,1,0,0,0,0,0,0,0,0,0,0,0,0,0,0,0,0,0,1.0,0,0,0,0,0,0,0,0,0.0,1,0,0,0,0,1,1,1,1,0,1,0
The Chinese University of Hong Kong,Hong Kong,Graduate,"medicine, business, engineering",36,3.5,310.0,6.5,18000,9.0,"AI, Health",1,100,5,3,8810,26810,0,0,0.0,0,0,0,0,0,1,0,0,0,0,0,0,0,0,1,0,0,0,0,0,0,0,0,0,0,0,0,0,0,0,0,0,1.0,0,0,0,0,0,0,0,0,0.0,0,0,0,0,0,1,1,0,1,0,1,0
McGill University,Canada,Graduate,"medicine, law, engineering",29,3.5,315.0,6.5,22000,46.0,"Neuroscience, AI",1,100,5,5,14469,36469,1,0,0.0,0,0,0,0,0,0,0,0,0,0,0,0,0,0,1,0,0,0,0,0,0,0,0,0,0,1,0,0,0,0,0,0,1.0,0,0,0,0,0,0,0,0,0.0,0,0,0,0,0,1,1,1,0,0,1,0
University of Illinois at Urbana-Champaign,United States,Graduate,"engineering, computer science, business",64,3.6,315.0,6.5,34000,44.0,"AI, Materials",1,50,5,5,13830,47830,0,0,0.0,0,0,0,0,0,1,0,0,1,0,0,0,0,0,1,0,0,0,0,0,0,0,0,0,0,0,0,0,0,0,0,0,0.0,0,0,0,0,0,0,0,0,0.0,0,0,0,0,0,1,1,1,0,0,1,1
Universität Heidelberg,Germany,Graduate,"medicine, sciences, humanities",84,3.3,310.0,6.5,3000,12.0,"Cancer Research, AI",1,50,5,2,19073,22073,1,0,0.0,0,0,0,0,0,0,0,0,0,0,0,0,0,0,0,0,0,0,0,0,1,0,0,0,0,0,0,0,0,0,0,0,1.0,0,0,0,0,0,0,0,0,0.0,1,0,0,0,0,0,0,0,0,0,0,0
Zhejiang University,China,Graduate,"engineering, medicine, sciences",47,3.6,315.0,6.0,25000,8.0,"AI, Biotech",1,100,5,3,19336,44336,0,0,0.0,0,0,0,0,0,0,0,0,0,0,0,0,0,0,1,0,0,0,0,0,0,0,0,0,0,0,0,0,0,0,0,0,1.0,0,0,0,0,0,0,0,0,0.0,1,0,0,0,0,1,1,1,0,0,0,1
Karolinska Institute,Sweden,Graduate,"medicine, public health",6,3.4,,6.5,20000,3.9,"Biomedical, Global Health",1,100,5,3,9165,29165,0,0,0.0,0,0,0,0,0,0,0,0,0,0,0,0,0,0,0,0,0,0,0,0,0,0,0,0,0,0,0,0,0,0,0,0,1.0,0,0,0,0,0,0,1,0,0.0,0,0,0,0,0,0,0,0,0,0,0,0
London School of Economics and Political Science,United Kingdom,Graduate,"economics, politics, law, social sciences",45,3.7,,7.0,32000,9.0,"Economics, Public Policy",1,100,3,5,14391,46391,0,0,0.0,0,0,0,0,0,0,0,0,0,0,0,1,0,0,0,0,0,0,0,0,0,0,0,0,0,1,0,0,0,0,0,0,0.0,0,0,0,0,1,0,0,0,0.0,0,1,0,0,0,0,0,0,0,0,0,0
University of Texas at Austin,United States,Graduate,"engineering, business, computer science",58,3.5,315.0,6.5,22000,29.0,"AI, Energy",1,50,5,5,17135,39135,0,0,0.0,0,0,0,0,0,1,0,0,1,0,0,0,0,0,1,0,0,0,0,0,0,0,0,0,0,0,0,0,0,0,0,0,0.0,0,0,0,0,0,0,0,0,0.0,0,0,0,0,0,1,1,0,1,1,1,0
Shanghai Jiao Tong University,China,Graduate,"engineering, medicine, business",43,3.5,315.0,6.0,28000,7.0,"AI, Robotics",1,100,5,3,8775,36775,1,0,0.0,0,0,0,0,0,1,0,0,0,0,0,0,0,0,1,0,0,0,0,0,0,0,0,0,0,0,0,0,0,0,0,0,1.0,0,0,0,0,0,0,0,0,0.0,0,0,0,0,0,1,1,1,1,1,0,0
University of Manchester,United Kingdom,Graduate,"engineering, medicine, business",34,3.5,,6.5,37000,51.0,"Materials, AI",1,100,5,5,12532,49532,1,0,0.0,0,0,0,0,0,1,0,0,0,0,0,0,0,0,1,0,0,0,0,0,0,0,0,0,0,0,0,0,0,0,0,0,1.0,0,0,0,0,0,0,0,0,0.0,0,0,0,0,0,1,1,0,1,1,0,1
University of Science and Technology of China,China,Graduate,"sciences, engineering",47,3.6,315.0,6.0,28000,5.0,"Quantum, AI",1,100,5,3,9834,37834,1,0,0.0,0,0,0,0,0,0,0,0,0,0,0,0,0,0,1,0,0,0,0,0,0,0,0,0,0,0,0,0,0,0,0,0,0.0,0,0,0,0,0,0,0,0,0.0,1,0,0,0,0,1,1,0,1,0,0,0
Kyoto University,Japan,Graduate,"medicine, engineering, sciences",46,3.5,315.0,6.0,5000,18.0,"Biotech, Materials",1,100,3,3,14516,19516,1,0,0.0,0,0,0,0,0,0,0,0,0,0,0,0,0,0,1,0,0,0,0,0,0,0,0,0,0,0,0,0,0,0,0,0,1.0,0,0,0,0,0,0,0,0,0.0,1,0,0,0,0,1,1,1,1,0,1,1
Delft University of Technology,Netherlands,Graduate,"engineering, architecture",49,3.4,,6.5,22000,65.0,"Sustainable Engineering, AI",1,100,5,3,17465,39465,1,0,1.0,0,0,0,0,0,0,0,0,0,0,0,0,0,0,1,0,0,0,0,0,0,0,0,0,0,0,0,0,0,0,0,0,0.0,0,0,0,0,0,0,0,0,0.0,0,0,0,0,0,1,1,0,1,1,0,1
University of Wisconsin-Madison,United States,Graduate,"engineering, business, sciences",83,3.5,315.0,6.5,26000,49.0,"Data Science, Climate",1,50,3,5,12335,38335,1,0,0.0,0,0,0,0,0,1,0,0,0,0,0,0,0,0,1,0,0,0,0,0,0,0,0,0,0,0,0,0,0,0,0,0,0.0,0,0,0,0,0,0,0,0,0.0,1,0,0,0,0,1,1,1,1,0,0,0
Brown University,United States,Graduate,"medicine, engineering, computer science",79,3.7,320.0,7.0,63000,5.2,"Neuroscience, AI",1,50,5,5,13739,76739,1,0,0.0,0,0,0,0,0,0,0,0,1,0,0,0,0,0,1,0,0,0,0,0,0,0,0,0,0,0,0,0,0,0,0,0,1.0,0,0,0,0,0,0,0,0,0.0,0,0,0,0,0,1,1,1,1,1,1,0
Monash University,Australia,Graduate,"medicine, engineering, business",37,3.4,,6.5,32000,28.0,"AI, Sustainability",1,100,5,3,8084,40084,1,0,0.0,0,0,0,0,0,1,0,0,0,0,0,0,0,0,1,0,0,0,0,0,0,0,0,0,0,0,0,0,0,0,0,0,1.0,0,0,0,0,0,0,0,0,0.0,0,0,0,0,0,1,1,1,1,0,1,0
University of Amsterdam,Netherlands,Graduate,"social sciences, economics, computer science",55,3.4,,6.5,15000,4.0,"AI Ethics, Economics",1,50,5,3,9417,24417,1,0,0.0,0,0,0,0,0,0,0,0,1,0,0,1,0,0,0,0,0,0,0,0,0,0,0,0,0,0,0,0,0,0,0,0,0.0,0,0,0,0,0,0,0,0,0.0,0,1,0,0,0,0,0,0,0,0,0,0
The University of Sydney,Australia,Graduate,"medicine, engineering, business",18,3.5,,6.5,35000,30.0,"Health, AI",1,100,5,3,16098,51098,0,0,0.0,0,0,0,0,0,1,0,0,0,0,0,0,0,0,1,0,0,0,0,0,0,0,0,0,0,0,0,0,0,0,0,0,1.0,0,0,0,0,0,0,0,0,0.0,0,0,0,0,0,1,1,1,0,0,0,1
Seoul National University,South Korea,Graduate,"engineering, medicine, business",31,3.5,310.0,6.0,6000,15.0,"AI, Biotech",1,100,5,3,16084,22084,1,0,0.0,0,0,0,0,0,1,0,0,0,0,0,0,0,0,1,0,0,0,0,0,0,0,0,0,0,0,0,0,0,0,0,0,1.0,0,0,0,0,0,0,0,0,0.0,0,0,0,0,0,1,1,1,1,0,0,0
University of California Davis,United States,Graduate,"agriculture, engineering, medicine",118,3.5,315.0,6.5,29000,37.0,"Food Science, AI",1,50,5,5,8888,37888,0,1,0.0,0,0,0,0,0,0,0,0,0,0,0,0,0,0,1,0,0,0,0,0,0,0,0,0,0,0,0,0,0,0,0,0,1.0,0,0,0,0,0,0,0,0,0.0,0,0,0,0,0,1,1,0,1,0,0,0
Université Paris-Saclay,France,Graduate,"sciences, engineering",69,3.4,,6.0,3000,10.0,"Physics, AI",1,50,5,3,15578,18578,0,0,0.0,0,0,0,0,0,0,0,0,0,0,0,0,0,0,1,0,0,0,0,0,0,0,0,0,0,0,0,0,0,0,0,0,0.0,0,0,0,0,0,0,0,0,0.0,1,0,0,0,0,1,1,1,1,1,0,0
Nanjing University,China,Graduate,"sciences, engineering",141,3.5,310.0,6.0,25000,9.0,"Materials, AI",1,50,5,3,17122,42122,1,0,0.0,0,0,0,0,0,0,0,0,0,0,0,0,0,0,1,0,0,0,0,0,0,0,0,0,0,0,0,0,0,0,0,0,0.0,0,0,0,0,0,0,0,0,0.0,1,0,0,0,0,1,1,1,0,1,1,1
The Hong Kong University of Science and Technology,Hong Kong,Graduate,"engineering, business",47,3.5,310.0,6.5,18000,10.0,"AI, Sustainability",1,100,5,3,13907,31907,0,0,0.0,0,0,0,0,0,1,0,0,0,0,0,0,0,0,1,0,0,0,0,0,0,0,0,0,0,0,0,0,0,0,0,0,0.0,0,0,0,0,0,0,0,0,0.0,0,0,0,0,0,1,1,1,1,0,1,0
University of California Santa Barbara,United States,Graduate,"engineering, sciences",178,3.5,315.0,6.5,34000,29.0,"Materials, Physics",1,50,5,5,10397,44397,1,0,0.0,0,0,0,0,0,0,0,0,0,0,0,0,0,0,1,0,0,0,0,0,0,0,0,0,0,0,0,0,0,0,0,0,0.0,0,0,0,0,0,0,0,0,0.0,1,0,0,0,0,1,1,1,0,0,1,0
Wageningen University & Research,Netherlands,Graduate,"agriculture, environmental science",151,3.3,,6.5,19000,50.0,"Food, Sustainability",1,50,5,3,11128,30128,1,1,0.0,0,0,0,0,0,0,0,0,0,0,0,0,0,0,0,1,0,0,0,0,0,0,0,0,0,0,0,0,0,0,0,0,0.0,0,0,0,0,0,0,0,0,0.0,0,0,0,0,0,0,0,0,0,0,0,0
Washington University in St Louis,United States,Graduate,"medicine, engineering, business",108,3.7,320.0,7.0,58000,11.0,"Biomed, AI",1,50,5,5,13036,71036,1,0,0.0,0,0,0,0,0,1,0,0,0,0,0,0,0,0,1,0,0,0,0,0,0,0,0,0,0,0,0,0,0,0,0,0,1.0,0,0,0,0,0,0,0,0,0.0,0,0,0,0,0,1,1,1,1,0,1,0
University of North Carolina at Chapel Hill,United States,Graduate,"medicine, public health, business",132,3.5,315.0,6.5,37000,17.0,"Health, AI",1,50,5,5,14155,51155,0,0,0.0,0,0,0,0,0,1,0,0,0,0,0,0,0,0,0,0,0,0,0,0,0,0,0,0,0,0,0,0,0,0,0,0,1.0,0,0,0,0,0,0,1,0,0.0,0,0,0,0,0,0,0,0,0,0,0,0
Institut Polytechnique de Paris,France,Graduate,"engineering, sciences",46,3.5,,6.5,3000,10.0,"Math, AI",1,100,5,3,18319,21319,0,0,0.0,0,0,0,0,0,0,0,0,0,0,0,0,0,0,1,0,0,0,0,0,0,0,0,0,0,0,0,0,0,0,0,0,0.0,0,0,0,0,0,0,0,0,0.0,1,0,0,0,0,1,1,1,1,0,0,0
University of Southern California,United States,Graduate,"engineering, business, cinema",80,3.6,320.0,7.0,58000,12.0,"AI, Entertainment",1,50,5,5,12783,70783,0,0,0.0,0,0,0,0,0,1,0,1,0,0,0,0,0,0,1,0,0,0,0,0,0,0,0,0,0,0,0,0,0,0,0,0,0.0,0,0,0,0,0,0,0,0,0.0,0,0,0,0,0,1,1,1,0,0,0,0
Australian National University,Australia,Graduate,"sciences, law, engineering",30,3.4,,6.5,32000,35.0,"Climate, Policy",1,100,3,3,18432,50432,1,0,0.0,0,0,0,0,0,0,0,0,0,0,0,0,0,0,1,0,0,0,0,0,0,0,0,0,0,1,0,0,0,0,0,0,0.0,0,0,0,0,0,0,0,0,0.0,1,0,0,0,0,1,1,1,0,0,1,1
Leiden University,Netherlands,Graduate,"law, medicine, sciences",126,3.4,,6.5,20000,47.0,"Bio, AI",1,50,5,3,11491,31491,0,0,0.0,0,0,0,0,0,0,0,0,0,0,0,0,0,0,0,0,0,0,0,0,0,0,0,0,0,1,0,0,0,0,0,0,1.0,0,0,0,0,0,0,0,0,0.0,1,0,0,0,0,0,0,0,0,0,0,0
Boston University,United States,Graduate,"medicine, engineering, business",93,3.6,320.0,7.0,58000,14.0,"Health, AI",1,50,5,5,13271,71271,0,0,0.0,0,0,0,0,0,1,0,0,0,0,0,0,0,0,1,0,0,0,0,0,0,0,0,0,0,0,0,0,0,0,0,0,1.0,0,0,0,0,0,0,0,0,0.0,0,0,0,0,0,1,1,1,1,0,1,0
Sorbonne University,France,Graduate,"medicine, sciences, humanities",63,3.4,,6.0,3000,15.0,"Physics, History",1,50,5,3,12363,15363,1,0,0.0,0,0,0,0,0,0,0,0,0,0,0,0,0,0,0,0,0,0,0,0,1,0,0,0,0,0,0,0,0,0,0,0,1.0,0,0,0,0,0,0,0,0,0.0,1,0,0,0,0,0,0,0,0,0,0,0
The University of Queensland,Australia,Graduate,"medicine, engineering, business",40,3.4,,6.5,31000,30.0,"Health, Mining",1,100,3,3,14161,45161,0,0,0.0,0,0,0,0,0,1,0,0,0,0,0,0,0,0,1,0,0,0,0,0,0,0,0,0,0,0,0,0,0,0,0,0,1.0,0,0,0,0,0,0,0,0,0.0,0,0,0,0,0,1,1,1,0,0,1,0
City University of Hong Kong,Hong Kong,Graduate,"engineering, business, law",53,3.5,310.0,6.5,18000,12.0,"AI, Law",1,50,5,3,17881,35881,0,0,0.0,0,0,0,0,0,1,0,0,0,0,0,0,0,0,1,0,0,0,0,0,0,0,0,0,0,1,0,0,0,0,0,0,0.0,0,0,0,0,0,0,0,0,0.0,0,0,0,0,0,1,1,1,1,0,1,0
University of Bristol,United Kingdom,Graduate,"engineering, medicine, social sciences",54,3.5,,6.5,32000,60.0,"AI, Climate",1,50,5,5,9268,41268,0,0,0.0,0,0,0,0,0,0,0,0,0,0,0,0,0,0,1,0,0,0,0,0,0,0,0,0,0,0,0,0,0,0,0,0,1.0,0,0,0,0,0,0,0,0,0.0,0,1,0,0,0,1,1,1,1,1,0,0
Purdue University West Lafayette,United States,Graduate,"engineering, agriculture, computer science",129,3.5,315.0,6.5,31000,50.0,"AI, Aerospace",1,50,5,5,10691,41691,0,1,0.0,0,0,0,0,0,0,0,0,1,0,0,0,0,0,1,0,0,0,0,0,0,0,0,0,0,0,0,0,0,0,0,0,0.0,0,0,0,0,0,0,0,0,0.0,0,0,0,0,0,1,1,1,1,0,1,0
University of Groningen,Netherlands,Graduate,"medicine, engineering, sciences",159,3.3,,6.5,16000,50.0,"Energy, AI",1,50,5,3,13809,29809,1,0,0.0,0,0,0,0,0,0,0,0,0,0,0,0,0,0,1,0,0,0,0,0,0,0,0,0,0,0,0,0,0,0,0,0,1.0,0,0,0,0,0,0,0,0,0.0,1,0,0,0,0,1,1,0,1,0,1,1
Korea Advanced Institute of Science and Technology (KAIST),South Korea,Graduate,"engineering, sciences",41,3.5,310.0,6.0,6000,18.0,"AI, Robotics",1,100,5,3,19653,25653,1,0,0.0,0,0,0,0,0,0,0,0,0,0,0,0,0,0,1,0,0,0,0,0,0,0,0,0,0,0,0,0,0,0,0,0,0.0,0,0,0,0,0,0,0,0,0.0,1,0,0,0,0,1,1,1,0,1,0,0
UNSW Sydney,Australia,Graduate,"engineering, business, law",19,3.4,,6.5,34000,30.0,"AI, Sustainability",1,100,5,3,9682,43682,0,0,0.0,0,0,0,0,0,1,0,0,0,0,0,0,0,0,1,0,0,0,0,0,0,0,0,0,0,1,0,0,0,0,0,0,0.0,0,0,0,0,0,0,0,0,0.0,0,0,0,0,0,1,1,1,0,1,0,1
Humboldt University of Berlin,Germany,Graduate,"social sciences, humanities, sciences",120,3.3,310.0,6.5,3000,18.0,"AI Ethics, History",1,50,5,2,16123,19123,0,0,0.0,0,0,0,0,0,0,0,0,0,0,0,0,0,0,0,0,0,0,0,0,1,0,0,0,0,0,0,0,0,0,0,0,0.0,0,0,0,0,0,0,0,0,0.0,1,1,0,0,0,0,0,0,0,0,0,0
The Hong Kong Polytechnic University,Hong Kong,Graduate,"engineering, business",65,3.4,310.0,6.5,18000,15.0,"AI, Design",1,50,5,3,19928,37928,1,0,0.0,0,0,0,0,0,1,0,0,0,0,0,0,0,0,1,0,0,0,0,0,0,0,0,0,0,0,0,0,0,0,0,0,0.0,0,0,0,0,0,0,0,0,0.0,0,0,0,0,0,1,1,1,1,0,0,0
University of Massachusetts,United States,Graduate,"engineering, computer science",245,3.4,310.0,6.5,35000,63.0,"AI, Materials",1,25,5,5,19721,54721,1,0,0.0,0,0,0,0,0,0,0,0,1,0,0,0,0,0,1,0,0,0,0,0,0,0,0,0,0,0,0,0,0,0,0,0,0.0,0,0,0,0,0,0,0,0,0.0,0,0,0,0,0,1,1,1,1,0,0,1
University of Glasgow,United Kingdom,Graduate,"medicine, engineering, business",78,3.5,,6.5,31000,70.0,"AI, Health",1,50,5,5,8395,39395,0,0,0.0,0,0,0,0,0,1,0,0,0,0,0,0,0,0,1,0,0,0,0,0,0,0,0,0,0,0,0,0,0,0,0,0,1.0,0,0,0,0,0,0,0,0,0.0,0,0,0,0,0,1,1,1,1,0,1,0
University of Minnesota,United States,Graduate,"medicine, engineering, business",203,3.5,315.0,6.5,30000,70.0,"AI, Health",1,25,5,5,16595,46595,1,0,0.0,0,0,0,0,0,1,0,0,0,0,0,0,0,0,1,0,0,0,0,0,0,0,0,0,0,0,0,0,0,0,0,0,1.0,0,0,0,0,0,0,0,0,0.0,0,0,0,0,0,1,1,1,1,0,1,0
University of Bonn,Germany,Graduate,"medicine, sciences",239,3.3,310.0,6.5,3000,15.0,"Physics, AI",1,25,5,2,9011,12011,0,0,0.0,0,0,0,0,0,0,0,0,0,0,0,0,0,0,0,0,0,0,0,0,0,0,0,0,0,0,0,0,0,0,0,0,1.0,0,0,0,0,0,0,0,0,0.0,1,0,0,0,0,0,0,0,0,0,0,0
University of California Irvine,United States,Graduate,"engineering, medicine",268,3.5,315.0,6.5,34000,21.0,"AI, Health",1,25,5,5,14757,48757,0,0,0.0,0,0,0,0,0,0,0,0,0,0,0,0,0,0,1,0,0,0,0,0,0,0,0,0,0,0,0,0,0,0,0,0,1.0,0,0,0,0,0,0,0,0,0.0,0,0,0,0,0,1,1,1,0,0,0,0
Vanderbilt University,United States,Graduate,"medicine, engineering, business",108,3.7,320.0,7.0,58000,6.1,"AI, Health",1,50,5,5,12809,70809,1,0,0.0,0,0,0,0,0,1,0,0,0,0,0,0,0,0,1,0,0,0,0,0,0,0,0,0,0,0,0,0,0,0,0,0,1.0,0,0,0,0,0,0,0,0,0.0,0,0,0,0,0,1,1,1,0,0,0,0
RWTH Aachen University,Germany,Graduate,"engineering, sciences",99,3.3,310.0,6.5,3000,10.0,"AI, Manufacturing",1,50,5,2,18186,21186,1,0,0.0,0,0,0,0,0,0,0,0,0,0,0,0,0,0,1,0,0,0,0,0,0,0,0,0,0,0,0,0,0,0,0,0,0.0,0,0,0,0,0,0,0,0,0.0,1,0,0,0,0,1,1,1,1,0,1,1
Charité - Universitätsmedizin Berlin,Germany,Graduate,medicine,,3.3,310.0,6.5,3000,5.0,Biomedical,1,25,5,2,9399,12399,1,0,0.0,0,0,0,0,0,0,0,0,0,0,0,0,0,0,0,0,0,0,0,0,0,0,0,0,0,0,0,0,0,0,0,0,1.0,0,0,0,0,0,0,0,0,0.0,0,0,0,0,0,0,0,0,0,0,0,0
University of Birmingham,United Kingdom,Graduate,"medicine, engineering",80,3.4,,6.5,28000,74.0,"AI, Energy",1,50,5,5,8795,36795,1,0,0.0,0,0,0,0,0,0,0,0,0,0,0,0,0,0,1,0,0,0,0,0,0,0,0,0,0,0,0,0,0,0,0,0,1.0,0,0,0,0,0,0,0,0,0.0,0,0,0,0,0,1,1,1,0,1,0,1
KTH Royal Institute of Technology,Sweden,Graduate,"engineering, sciences",97,3.4,310.0,6.5,16000,41.0,"AI, Sustainability",1,50,5,3,11130,27130,0,0,0.0,0,0,0,0,0,0,0,0,0,0,0,0,0,0,1,0,0,0,0,0,0,0,0,0,0,0,0,0,0,0,0,0,0.0,0,0,0,0,0,0,0,0,0.0,1,0,0,0,0,1,1,1,1,0,1,0
Lund University,Sweden,Graduate,"medicine, engineering",85,3.4,,6.5,14000,34.0,"AI, Health",1,50,5,3,15403,29403,1,0,0.0,0,0,0,0,0,0,0,0,0,0,0,0,0,0,1,0,0,0,0,0,0,0,0,0,0,0,0,0,0,0,0,0,1.0,0,0,0,0,0,0,0,0,0.0,0,0,0,0,0,1,1,1,0,0,0,0
University of Copenhagen,Denmark,Graduate,"medicine, sciences",73,3.4,,6.5,14000,37.0,"AI, Climate",1,50,5,3,15287,29287,0,0,0.0,0,0,0,0,0,0,0,0,0,0,0,0,0,0,0,0,0,0,0,0,0,0,0,0,0,0,0,0,0,0,0,0,1.0,0,0,0,0,0,0,0,0,0.0,1,0,0,0,0,0,0,0,0,0,0,0
Emory University,United States,Graduate,"medicine, business",159,3.6,320.0,7.0,57000,11.0,"Health, AI",1,50,5,5,19701,76701,1,0,0.0,0,0,0,0,0,1,0,0,0,0,0,0,0,0,0,0,0,0,0,0,0,0,0,0,0,0,0,0,0,0,0,0,1.0,0,0,0,0,0,0,0,0,0.0,0,0,0,0,0,0,0,0,0,0,0,0
University of Sheffield,United Kingdom,Graduate,"engineering, medicine",105,3.4,,6.5,28000,75.0,"AI, Materials",1,50,5,5,11362,39362,0,0,0.0,0,0,0,0,0,0,0,0,0,0,0,0,0,0,1,0,0,0,0,0,0,0,0,0,0,0,0,0,0,0,0,0,1.0,0,0,0,0,0,0,0,0,0.0,0,0,0,0,0,1,1,1,1,1,1,0
Penn State (Main campus),United States,Graduate,"engineering, business",83,3.5,315.0,6.5,38000,55.0,"AI, Energy",1,50,5,5,19204,57204,1,0,0.0,0,0,0,0,0,1,0,0,0,0,0,0,0,0,1,0,0,0,0,0,0,0,0,0,0,0,0,0,0,0,0,0,0.0,0,0,0,0,0,0,0,0,0.0,0,0,0,0,0,1,1,1,0,1,0,0
University of Tübingen,Germany,Graduate,"medicine, sciences",213,3.3,310.0,6.5,3000,20.0,"AI, Neuroscience",1,25,5,2,16502,19502,0,0,0.0,0,0,0,0,0,0,0,0,0,0,0,0,0,0,0,0,0,0,0,0,0,0,0,0,0,0,0,0,0,0,0,0,1.0,0,0,0,0,0,0,0,0,0.0,1,0,0,0,0,0,0,0,0,0,0,0
Sungkyunkwan University (SKKU),South Korea,Graduate,"engineering, business",88,3.5,310.0,6.0,8000,25.0,"AI, Semiconductors",1,50,5,3,10814,18814,0,0,0.0,0,0,0,0,0,1,0,0,0,0,0,0,0,0,1,0,0,0,0,0,0,0,0,0,0,0,0,0,0,0,0,0,0.0,0,0,0,0,0,0,0,0,0.0,0,0,0,0,0,1,1,1,1,0,0,0
Yonsei University (Seoul campus),South Korea,Graduate,"medicine, business",76,3.5,310.0,6.0,9000,18.0,"AI, Health",1,50,5,3,18789,27789,0,0,0.0,0,0,0,0,0,1,0,0,0,0,0,0,0,0,0,0,0,0,0,0,0,0,0,0,0,0,0,0,0,0,0,0,1.0,0,0,0,0,0,0,0,0,0.0,0,0,0,0,0,0,0,0,0,0,0,0
Free University of Berlin,Germany,Graduate,"social sciences, sciences",97,3.3,310.0,6.5,3000,15.0,AI Ethics,1,50,5,2,18834,21834,0,0,0.0,0,0,0,0,0,0,0,0,0,0,0,0,0,0,0,0,0,0,0,0,0,0,0,0,0,0,0,0,0,0,0,0,0.0,0,0,0,0,0,0,0,0,0.0,1,1,0,0,0,0,0,0,0,0,0,0
University of Bern,Switzerland,Graduate,"medicine, sciences",126,3.4,310.0,6.5,1800,25.0,"Climate, AI",1,50,5,3,11139,12939,0,0,0.0,0,0,0,0,0,0,0,0,0,0,0,0,0,0,0,0,0,0,0,0,0,0,0,0,0,0,0,0,0,0,0,0,1.0,0,0,0,0,0,0,0,0,0.0,1,0,0,0,0,0,0,0,0,0,0,0
University of Warwick,United Kingdom,Graduate,"business, social sciences",69,3.4,,6.5,32000,14.0,"Economics, AI",1,50,5,5,14028,46028,1,0,0.0,0,0,0,0,0,1,0,0,0,0,0,0,0,0,0,0,0,0,0,0,0,0,0,0,0,0,0,0,0,0,0,0,0.0,0,0,0,0,0,0,0,0,0.0,0,1,0,0,0,0,0,0,0,0,0,0
Erasmus University Rotterdam,Netherlands,Graduate,"business, medicine",176,3.3,,6.5,12000,40.0,"Economics, Health",1,50,3,3,10065,22065,0,0,0.0,0,0,0,0,0,1,0,0,0,0,0,0,0,0,0,0,0,0,0,0,0,0,0,0,0,0,0,0,0,0,0,0,1.0,0,0,0,0,0,0,0,0,0.0,0,0,0,0,0,0,0,0,0,0,0,0
Lomonosov Moscow State University,Russian Federation,Graduate,"sciences, engineering",74,3.4,310.0,6.0,5000,20.0,"Physics, AI",1,50,5,3,19900,24900,1,0,0.0,0,0,0,0,0,0,0,0,0,0,0,0,0,0,1,0,0,0,0,0,0,0,0,0,0,0,0,0,0,0,0,0,0.0,0,0,0,0,0,0,0,0,0.0,1,0,0,0,0,1,1,1,1,0,0,0
University of Helsinki,Finland,Graduate,"medicine, sciences",106,3.4,,6.5,14000,17.0,"AI, Climate",1,50,5,3,13828,27828,1,0,0.0,0,0,0,0,0,0,0,0,0,0,0,0,0,0,0,0,0,0,0,0,0,0,0,0,0,0,0,0,0,0,0,0,1.0,0,0,0,0,0,0,0,0,0.0,1,0,0,0,0,0,0,0,0,0,0,0
Aarhus University,Denmark,Graduate,"sciences, business",143,3.3,,6.5,14000,37.0,"AI, Health",1,50,5,3,18684,32684,0,0,0.0,0,0,0,0,0,1,0,0,0,0,0,0,0,0,0,0,0,0,0,0,0,0,0,0,0,0,0,0,0,0,0,0,0.0,0,0,0,0,0,0,0,0,0.0,1,0,0,0,0,0,0,0,0,0,0,0
University of Vienna,Austria,Graduate,"humanities, sciences",127,3.3,,6.5,1700,20.0,AI Ethics,1,50,5,2,16889,18589,0,0,0.0,0,0,0,0,0,0,0,0,0,0,0,0,0,0,0,0,0,0,0,0,1,0,0,0,0,0,0,0,0,0,0,0,0.0,0,0,0,0,0,0,0,0,0.0,1,0,0,0,0,0,0,0,0,0,0,0
Ghent University,Belgium,Graduate,"engineering, medicine",169,3.3,310.0,6.5,6000,25.0,Biotech,1,50,3,3,11761,17761,0,0,0.0,0,0,0,0,0,0,0,0,0,0,0,0,0,0,1,0,0,0,0,0,0,0,0,0,0,0,0,0,0,0,0,0,1.0,0,0,0,0,0,0,0,0,0.0,0,0,0,0,0,1,1,1,1,0,0,1
Rice University,United States,Graduate,"engineering, business",145,3.7,320.0,7.0,54000,8.7,"Materials, AI",1,50,5,5,14664,68664,1,0,0.0,0,0,0,0,0,1,0,0,0,0,0,0,0,0,1,0,0,0,0,0,0,0,0,0,0,0,0,0,0,0,0,0,0.0,0,0,0,0,0,0,0,0,0.0,0,0,0,0,0,1,1,0,1,1,1,0
University of Maryland College Park,United States,Graduate,"engineering, computer science",158,3.5,315.0,6.5,38000,44.0,"AI, Cybersecurity",1,50,5,5,8793,46793,1,0,0.0,0,0,0,0,0,0,0,0,1,0,0,0,0,0,1,0,0,0,0,0,0,0,0,0,0,0,0,0,0,0,0,0,0.0,0,0,0,0,0,0,0,0,0.0,0,0,0,0,0,1,1,0,0,0,1,0
University of Southampton,United Kingdom,Graduate,"engineering, medicine",80,3.4,,6.5,28000,84.0,"AI, Sustainability",1,50,5,5,15714,43714,0,0,0.0,0,0,0,0,0,0,0,0,0,0,0,0,0,0,1,0,0,0,0,0,0,0,0,0,0,0,0,0,0,0,0,0,1.0,0,0,0,0,0,0,0,0,0.0,0,0,0,0,0,1,1,1,0,0,0,1
McMaster University,Canada,Graduate,"medicine, engineering",103,3.4,315.0,6.5,24000,58.0,"Health, AI",1,50,5,5,16551,40551,1,0,0.0,0,0,0,0,0,0,0,0,0,0,0,0,0,0,1,0,0,0,0,0,0,0,0,0,0,0,0,0,0,0,0,0,1.0,0,0,0,0,0,0,0,0,0.0,0,0,0,0,0,1,1,0,1,1,0,0
Ohio State University (Main campus),United States,Graduate,"engineering, medicine",121,3.5,315.0,6.5,38000,53.0,"AI, Health",1,50,5,5,12188,50188,0,0,0.0,0,0,0,0,0,0,0,0,0,0,0,0,0,0,1,0,0,0,0,0,0,0,0,0,0,0,0,0,0,0,0,0,1.0,0,0,0,0,0,0,0,0,0.0,0,0,0,0,0,1,1,0,1,0,1,0
University of Alberta,Canada,Graduate,"engineering, medicine",96,3.4,315.0,6.5,22000,58.0,"Energy, AI",1,50,5,5,18546,40546,0,0,0.0,0,0,0,0,0,0,0,0,0,0,0,0,0,0,1,0,0,0,0,0,0,0,0,0,0,0,0,0,0,0,0,0,1.0,0,0,0,0,0,0,0,0,0.0,0,0,0,0,0,1,1,1,0,0,0,0
University of Oslo,Norway,Graduate,"medicine, sciences",126,3.3,,6.5,1000,10.0,"Climate, AI",1,50,5,3,15404,16404,1,0,0.0,0,0,0,0,0,0,0,0,0,0,0,0,0,0,0,0,0,0,0,0,0,0,0,0,0,0,0,0,0,0,0,0,1.0,0,0,0,0,0,0,0,0,0.0,1,0,0,0,0,0,0,0,0,0,0,0
Tohoku University,Japan,Graduate,"engineering, medicine",79,3.4,310.0,6.0,5000,25.0,"Materials, AI",1,50,5,3,9911,14911,1,0,0.0,0,0,0,0,0,0,0,0,0,0,0,0,0,0,1,0,0,0,0,0,0,0,0,0,0,0,0,0,0,0,0,0,1.0,0,0,0,0,0,0,0,0,0.0,0,0,0,0,0,1,1,1,0,1,0,1
University of Göttingen,Germany,Graduate,"sciences, humanities",232,3.3,310.0,6.5,3000,12.0,"Physics, AI",1,25,5,2,16877,19877,0,0,0.0,0,0,0,0,0,0,0,0,0,0,0,0,0,0,0,0,0,0,0,0,1,0,0,0,0,0,0,0,0,0,0,0,0.0,0,0,0,0,0,0,0,0,0.0,1,0,0,0,0,0,0,0,0,0,0,0
Michigan State University,United States,Graduate,"engineering, business",136,3.4,315.0,6.5,41000,71.0,"AI, Agriculture",1,50,5,5,8129,49129,1,0,0.0,0,0,0,0,0,1,0,0,0,0,0,0,0,0,1,0,0,0,0,0,0,0,0,0,0,0,0,0,0,0,0,0,0.0,0,0,0,0,0,0,0,0,0.0,0,0,0,0,0,1,1,0,1,1,1,1
University of Leeds,United Kingdom,Graduate,"engineering, business",82,3.4,,6.5,28000,77.0,"AI, Health",1,50,5,5,14680,42680,0,0,0.0,0,0,0,0,0,1,0,0,0,0,0,0,0,0,1,0,0,0,0,0,0,0,0,0,0,0,0,0,0,0,0,0,0.0,0,0,0,0,0,0,0,0,0.0,0,0,0,0,0,1,1,1,1,1,1,0
Technical University of Denmark,Denmark,Graduate,"engineering, sciences",109,3.4,,6.5,16000,45.0,"AI, Sustainability",1,50,5,3,16996,32996,0,0,0.0,0,0,0,0,0,0,0,0,0,0,0,0,0,0,1,0,0,0,0,0,0,0,0,0,0,0,0,0,0,0,0,0,0.0,0,0,0,0,0,0,0,0,0.0,1,0,0,0,0,1,1,1,0,1,1,0
Université de Montréal,Canada,Graduate,"medicine, engineering",159,3.4,315.0,6.5,25000,45.0,"AI, Health",1,50,5,5,12838,37838,0,0,0.0,0,0,0,0,0,0,0,0,0,0,0,0,0,0,1,0,0,0,0,0,0,0,0,0,0,0,0,0,0,0,0,0,1.0,0,0,0,0,0,0,0,0,0.0,0,0,0,0,0,1,1,1,1,1,0,0
University of Basel,Switzerland,Graduate,"medicine, sciences",126,3.4,310.0,6.5,1800,25.0,"Biomed, AI",1,50,5,3,17801,19601,1,0,0.0,0,0,0,0,0,0,0,0,0,0,0,0,0,0,0,0,0,0,0,0,0,0,0,0,0,0,0,0,0,0,0,0,1.0,0,0,0,0,0,0,0,0,0.0,1,0,0,0,0,0,0,0,0,0,0,0
University of Rochester,United States,Graduate,"medicine, engineering",224,3.5,320.0,7.0,58000,36.0,"Optics, AI",1,25,5,5,13645,71645,0,0,0.0,0,0,0,0,0,0,0,0,0,0,0,0,0,0,1,0,0,0,0,0,0,0,0,0,0,0,0,0,0,0,0,0,1.0,0,0,0,0,0,0,0,0,0.0,0,0,0,0,0,1,1,0,0,1,1,0
University of Adelaide,Australia,Graduate,"engineering, medicine",82,3.3,,6.5,31000,75.0,"AI, Health",1,50,5,3,13898,44898,1,0,0.0,0,0,0,0,0,0,0,0,0,0,0,0,0,0,1,0,0,0,0,0,0,0,0,0,0,0,0,0,0,0,0,0,1.0,0,0,0,0,0,0,0,0,0.0,0,0,0,0,0,1,1,0,1,0,1,0
University of Freiburg,Germany,Graduate,"medicine, sciences",192,3.3,310.0,6.5,3000,33.0,"AI, Materials",1,50,5,2,17889,20889,1,0,0.0,0,0,0,0,0,0,0,0,0,0,0,0,0,0,0,0,0,0,0,0,0,0,0,0,0,0,0,0,0,0,0,0,1.0,0,0,0,0,0,0,0,0,0.0,1,0,0,0,0,0,0,0,0,0,0,0
University of Florida,United States,Graduate,"engineering, medicine",188,3.4,315.0,6.5,29000,30.0,"AI, Health",1,50,5,5,15217,44217,0,0,0.0,0,0,0,0,0,0,0,0,0,0,0,0,0,0,1,0,0,0,0,0,0,0,0,0,0,0,0,0,0,0,0,0,1.0,0,0,0,0,0,0,0,0,0.0,0,0,0,0,0,1,1,1,0,1,0,0
Uppsala University,Sweden,Graduate,"medicine, sciences",105,3.3,,6.5,14000,34.0,"AI, Climate",1,50,5,3,16471,30471,1,0,0.0,0,0,0,0,0,0,0,0,0,0,0,0,0,0,0,0,0,0,0,0,0,0,0,0,0,0,0,0,0,0,0,0,1.0,0,0,0,0,0,0,0,0,0.0,1,0,0,0,0,0,0,0,0,0,0,0
Maastricht University,Netherlands,Graduate,"business, medicine",256,3.3,,6.5,15000,52.0,"Health, AI",1,25,5,3,17160,32160,0,0,0.0,0,0,0,0,0,1,0,0,0,0,0,0,0,0,0,0,0,0,0,0,0,0,0,0,0,0,0,0,0,0,0,0,1.0,0,0,0,0,0,0,0,0,0.0,0,0,0,0,0,0,0,0,0,0,0,0
University of Hamburg,Germany,Graduate,"medicine, social sciences",205,3.3,310.0,6.5,3000,35.0,"AI, Climate",1,25,5,2,15875,18875,1,0,0.0,0,0,0,0,0,0,0,0,0,0,0,0,0,0,0,0,0,0,0,0,0,0,0,0,0,0,0,0,0,0,0,0,1.0,0,0,0,0,0,0,0,0,0.0,0,1,0,0,0,0,0,0,0,0,0,0
University of Lausanne,Switzerland,Graduate,"business, medicine",220,3.3,310.0,6.5,1800,20.0,"Finance, Health",1,25,3,3,9205,11005,1,0,0.0,0,0,0,0,0,1,0,0,0,0,0,0,0,0,0,0,0,0,0,0,0,0,0,0,0,0,0,0,0,0,0,0,1.0,0,0,0,0,0,0,0,0,0.0,0,0,0,0,0,0,0,0,0,0,0,0
Wuhan University,China,Graduate,"medicine, engineering",194,3.4,310.0,6.0,25000,15.0,"AI, Law",1,50,5,3,16433,41433,0,0,0.0,0,0,0,0,0,0,0,0,0,0,0,0,0,0,1,0,0,0,0,0,0,0,0,0,0,0,0,0,0,0,0,0,1.0,0,0,0,0,0,0,0,0,0.0,0,0,0,0,0,1,1,0,0,1,1,0
University of Arizona,United States,Graduate,"engineering, sciences",293,3.3,310.0,6.5,34000,87.0,"AI, Astronomy",1,25,5,5,14279,48279,0,0,0.0,0,0,0,0,0,0,0,0,0,0,0,0,0,0,1,0,0,0,0,0,0,0,0,0,0,0,0,0,0,0,0,0,0.0,0,0,0,0,0,0,0,0,0.0,1,0,0,0,0,1,1,1,0,1,1,0
University of Nottingham,United Kingdom,Graduate,"engineering, medicine",108,3.4,,6.5,28000,80.0,"AI, Health",1,50,5,5,14935,42935,1,0,0.0,0,0,0,0,0,0,0,0,0,0,0,0,0,0,1,0,0,0,0,0,0,0,0,0,0,0,0,0,0,0,0,0,1.0,0,0,0,0,0,0,0,0,0.0,0,0,0,0,0,1,1,1,1,1,1,0
Vrije Universiteit Amsterdam,Netherlands,Graduate,"social sciences, sciences",219,3.3,,6.5,14000,45.0,"AI, Health",1,25,5,3,19297,33297,1,0,0.0,0,0,0,0,0,0,0,0,0,0,0,0,0,0,0,0,0,0,0,0,0,0,0,0,0,0,0,0,0,0,0,0,0.0,0,0,0,0,0,0,0,0,0.0,1,1,0,0,0,0,0,0,0,0,0,0
Trinity College Dublin,Ireland,Graduate,"medicine, engineering",87,3.4,,6.5,22000,34.0,"AI, Health",1,50,5,3,16041,38041,0,0,0.0,0,0,0,0,0,0,0,0,0,0,0,0,0,0,1,0,0,0,0,0,0,0,0,0,0,0,0,0,0,0,0,0,1.0,0,0,0,0,0,0,0,0,0.0,0,0,0,0,0,1,1,1,1,1,1,1
Technical University of Berlin,Germany,Graduate,"engineering, computer science",147,3.3,310.0,6.5,3000,15.0,"AI, Mobility",1,50,5,2,12266,15266,1,0,0.0,0,0,0,0,0,0,0,0,1,0,0,0,0,0,1,0,0,0,0,0,0,0,0,0,0,0,0,0,0,0,0,0,0.0,0,0,0,0,0,0,0,0,0.0,0,0,0,0,0,1,1,0,1,1,1,1
Queen Mary University of London,United Kingdom,Graduate,"medicine, engineering",145,3.4,,6.5,28000,50.0,"AI, Materials",1,50,5,5,18148,46148,0,0,0.0,0,0,0,0,0,0,0,0,0,0,0,0,0,0,1,0,0,0,0,0,0,0,0,0,0,0,0,0,0,0,0,0,1.0,0,0,0,0,0,0,0,0,0.0,0,0,0,0,0,1,1,0,1,1,0,0
University of Pittsburgh - Pittsburgh campus,United States,Graduate,"medicine, engineering",143,3.4,315.0,6.5,40000,64.0,"Health, AI",1,50,5,5,15569,55569,0,0,0.0,0,0,0,0,0,0,0,0,0,0,0,0,0,0,1,0,0,0,0,0,0,0,0,0,0,0,0,0,0,0,0,0,1.0,0,0,0,0,0,0,0,0,0.0,0,0,0,0,0,1,1,1,0,0,1,1
Radboud University Nijmegen,Netherlands,Graduate,"medicine, sciences",222,3.3,,6.5,14000,40.0,"AI, Neuroscience",1,25,5,3,17976,31976,1,0,0.0,0,0,0,0,0,0,0,0,0,0,0,0,0,0,0,0,0,0,0,0,0,0,0,0,0,0,0,0,0,0,0,0,1.0,0,0,0,0,0,0,0,0,0.0,1,0,0,0,0,0,0,0,0,0,0,0
Texas A&M University,United States,Graduate,"engineering, agriculture",134,3.4,315.0,6.5,38000,63.0,"Energy, AI",1,50,5,5,16098,54098,0,1,0.0,0,0,0,0,0,0,0,0,0,0,0,0,0,0,1,0,0,0,0,0,0,0,0,0,0,0,0,0,0,0,0,0,0.0,0,0,0,0,0,0,0,0,0.0,0,0,0,0,0,1,1,1,1,1,0,1
University of Colorado Boulder,United States,Graduate,"engineering, sciences",264,3.4,315.0,6.5,38000,80.0,"AI, Aerospace",1,25,5,5,18521,56521,0,0,0.0,0,0,0,0,0,0,0,0,0,0,0,0,0,0,1,0,0,0,0,0,0,0,0,0,0,0,0,0,0,0,0,0,0.0,0,0,0,0,0,0,0,0,0.0,1,0,0,0,0,1,1,1,0,0,1,1
Beijing Normal University,China,Graduate,"education, sciences",272,3.4,310.0,6.0,25000,12.0,"AI, Education",1,25,5,3,12653,37653,1,0,0.0,0,0,0,0,0,0,0,0,0,0,0,0,1,0,0,0,0,0,0,0,0,0,0,0,0,0,0,0,0,0,0,0,0.0,0,0,0,0,0,0,0,0,0.0,1,0,0,0,0,0,0,0,0,0,0,0
University of Bologna,Italy,Graduate,"medicine, engineering",133,3.3,,6.0,3000,55.0,"AI, Heritage",1,50,5,3,15362,18362,0,0,0.0,0,0,0,0,0,0,0,0,0,0,0,0,0,0,1,0,0,0,0,0,0,0,0,0,0,0,0,0,0,0,0,0,1.0,0,0,0,0,0,0,0,0,0.0,0,0,0,0,0,1,1,1,0,1,1,0
University of York,United Kingdom,Graduate,"social sciences, sciences",184,3.4,,6.5,28000,80.0,"AI, Health",1,50,5,5,15124,43124,1,0,0.0,0,0,0,0,0,0,0,0,0,0,0,0,0,0,0,0,0,0,0,0,0,0,0,0,0,0,0,0,0,0,0,0,0.0,0,0,0,0,0,0,0,0,0.0,1,1,0,0,0,0,0,0,0,0,0,0
The University of Western Australia,Australia,Graduate,"medicine, engineering",90,3.3,,6.5,31000,38.0,"Mining, AI",1,50,5,3,17465,48465,1,0,0.0,0,0,0,0,0,0,0,0,0,0,0,0,0,0,1,0,0,0,0,0,0,0,0,0,0,0,0,0,0,0,0,0,1.0,0,0,0,0,0,0,0,0,0.0,0,0,0,0,0,1,1,1,1,0,1,0
University of Barcelona,Spain,Graduate,"medicine, sciences",164,3.3,,6.0,3000,30.0,"AI, Health",1,50,5,3,16736,19736,1,0,0.0,0,0,0,0,0,0,0,0,0,0,0,0,0,0,0,0,0,0,0,0,0,0,0,0,0,0,0,0,0,0,0,0,1.0,0,0,0,0,0,0,0,0,0.0,1,0,0,0,0,0,0,0,0,0,0,0
Pohang University of Science and Technology (POSTECH),South Korea,Graduate,"engineering, sciences",98,3.5,310.0,6.0,8000,14.0,"Materials, AI",1,50,5,3,15284,23284,1,0,0.0,0,0,0,0,0,0,0,0,0,0,0,0,0,0,1,0,0,0,0,0,0,0,0,0,0,0,0,0,0,0,0,0,0.0,0,0,0,0,0,0,0,0,0.0,1,0,0,0,0,1,1,0,0,0,1,1
Harbin Institute of Technology,China,Graduate,engineering,256,3.4,310.0,6.0,25000,10.0,"AI, Space",1,25,5,3,18820,43820,0,0,0.0,0,0,0,0,0,0,0,0,0,0,0,0,0,0,1,0,0,0,0,0,0,0,0,0,0,0,0,0,0,0,0,0,0.0,0,0,0,0,0,0,0,0,0.0,0,0,0,0,0,1,1,1,0,0,0,0
University of Auckland,New Zealand,Graduate,"engineering, medicine",65,3.4,,6.5,28000,45.0,"AI, Health",1,50,5,3,15142,43142,0,0,0.0,0,0,0,0,0,0,0,0,0,0,0,0,0,0,1,0,0,0,0,0,0,0,0,0,0,0,0,0,0,0,0,0,1.0,0,0,0,0,0,0,0,0,0.0,0,0,0,0,0,1,1,1,0,1,0,0
Scuola Normale Superiore di Pisa,Italy,Graduate,"sciences, humanities",                                                             NA,3.5,,6.0,3000,5.0,"Physics, AI",1,25,5,3,13875,16875,0,0,0.0,0,0,0,0,0,0,0,0,0,0,0,0,0,0,0,0,0,0,0,0,1,0,0,0,0,0,0,0,0,0,0,0,0.0,0,0,0,0,0,0,0,0,0.0,1,0,0,0,0,0,0,0,0,0,0,0
Tongji University,China,Graduate,"engineering, architecture",216,3.4,310.0,6.0,25000,15.0,"Urban, AI",1,25,5,3,8121,33121,1,0,1.0,0,0,0,0,0,0,0,0,0,0,0,0,0,0,1,0,0,0,0,0,0,0,0,0,0,0,0,0,0,0,0,0,0.0,0,0,0,0,0,0,0,0,0.0,0,0,0,0,0,1,1,0,1,0,1,0
University of Technology Sydney,Australia,Graduate,"engineering, business",88,3.3,,6.5,30000,35.0,"AI, Design",1,50,5,3,14531,44531,0,0,0.0,0,0,0,0,0,1,0,0,0,0,0,0,0,0,1,0,0,0,0,0,0,0,0,0,0,0,0,0,0,0,0,0,0.0,0,0,0,0,0,0,0,0,0.0,0,0,0,0,0,1,1,1,1,0,0,0
Newcastle University,United Kingdom,Graduate,"engineering, medicine",168,3.3,,6.5,28000,87.0,"Energy, AI",1,50,5,5,18053,46053,1,0,0.0,0,0,0,0,0,0,0,0,0,0,0,0,0,0,1,0,0,0,0,0,0,0,0,0,0,0,0,0,0,0,0,0,1.0,0,0,0,0,0,0,0,0,0.0,0,0,0,0,0,1,1,1,0,1,1,0
University of Cologne,Germany,Graduate,"medicine, business",268,3.3,310.0,6.5,3000,20.0,"AI, Economics",1,25,5,2,19138,22138,0,0,0.0,0,0,0,0,0,1,0,0,0,0,0,0,0,0,0,0,0,0,0,0,0,0,0,0,0,0,0,0,0,0,0,0,1.0,0,0,0,0,0,0,0,0,0.0,0,0,0,0,0,0,0,0,0,0,0,0
Case Western Reserve University,United States,Graduate,"medicine, engineering",215,3.5,320.0,7.0,52000,27.0,"Health, AI",1,25,5,5,16989,68989,0,0,0.0,0,0,0,0,0,0,0,0,0,0,0,0,0,0,1,0,0,0,0,0,0,0,0,0,0,0,0,0,0,0,0,0,1.0,0,0,0,0,0,0,0,0,0.0,0,0,0,0,0,1,1,1,0,1,1,0
TU Dresden,Germany,Graduate,"engineering, sciences",234,3.3,310.0,6.5,3000,20.0,"AI, Materials",1,25,5,2,18333,21333,1,0,0.0,0,0,0,0,0,0,0,0,0,0,0,0,0,0,1,0,0,0,0,0,0,0,0,0,0,0,0,0,0,0,0,0,0.0,0,0,0,0,0,0,0,0,0.0,1,0,0,0,0,1,1,1,1,0,1,1
University of Liverpool,United Kingdom,Graduate,"medicine, engineering",165,3.3,,6.5,28000,75.0,"AI, Health",1,50,5,5,9308,37308,1,0,0.0,0,0,0,0,0,0,0,0,0,0,0,0,0,0,1,0,0,0,0,0,0,0,0,0,0,0,0,0,0,0,0,0,1.0,0,0,0,0,0,0,0,0,0.0,0,0,0,0,0,1,1,1,1,0,1,0
The University of Osaka,Japan,Graduate,"medicine, engineering",80,3.4,310.0,6.0,5000,25.0,"AI, Biotech",1,50,5,3,17306,22306,0,0,0.0,0,0,0,0,0,0,0,0,0,0,0,0,0,0,1,0,0,0,0,0,0,0,0,0,0,0,0,0,0,0,0,0,1.0,0,0,0,0,0,0,0,0,0.0,0,0,0,0,0,1,1,1,0,1,1,1
University of Virginia (Main campus),United States,Graduate,"medicine, law, engineering",297,3.5,320.0,7.0,55000,19.0,"AI, Policy",1,25,5,5,12515,67515,1,0,0.0,0,0,0,0,0,0,0,0,0,0,0,0,0,0,1,0,0,0,0,0,0,0,0,0,0,1,0,0,0,0,0,0,1.0,0,0,0,0,0,0,0,0,0.0,0,0,0,0,0,1,1,1,1,0,0,0
University of Waterloo,Canada,Graduate,"engineering, computer science",115,3.4,315.0,6.5,25000,53.0,"AI, Quantum",1,50,5,5,8186,33186,0,0,0.0,0,0,0,0,0,0,0,0,1,0,0,0,0,0,1,0,0,0,0,0,0,0,0,0,0,0,0,0,0,0,0,0,0.0,0,0,0,0,0,0,0,0,0.0,0,0,0,0,0,1,1,1,0,0,1,0
University of Würzburg,Germany,Graduate,"medicine, sciences",197,3.3,310.0,6.5,3000,15.0,"AI, Biomed",1,50,5,2,13089,16089,1,0,0.0,0,0,0,0,0,0,0,0,0,0,0,0,0,0,0,0,0,0,0,0,0,0,0,0,0,0,0,0,0,0,0,0,1.0,0,0,0,0,0,0,0,0,0.0,1,0,0,0,0,0,0,0,0,0,0,0
Huazhong University of Science and Technology,China,Graduate,"engineering, medicine",275,3.4,310.0,6.0,25000,20.0,"AI, Health",1,25,5,3,10770,35770,0,0,0.0,0,0,0,0,0,0,0,0,0,0,0,0,0,0,1,0,0,0,0,0,0,0,0,0,0,0,0,0,0,0,0,0,1.0,0,0,0,0,0,0,0,0,0.0,0,0,0,0,0,1,1,0,1,1,1,0
Karlsruhe Institute of Technology,Germany,Graduate,"engineering, sciences",102,3.3,310.0,6.5,3000,25.0,"Energy, AI",1,50,5,2,17890,20890,0,0,0.0,0,0,0,0,0,0,0,0,0,0,0,0,0,0,1,0,0,0,0,0,0,0,0,0,0,0,0,0,0,0,0,0,0.0,0,0,0,0,0,0,0,0,0.0,1,0,0,0,0,1,1,1,0,0,0,1
Dartmouth College,United States,Graduate,"medicine, engineering",243,3.7,320.0,7.0,62000,6.2,"AI, Health",1,25,5,5,9517,71517,0,0,0.0,0,0,0,0,0,0,0,0,0,0,0,0,0,0,1,0,0,0,0,0,0,0,0,0,0,0,0,0,0,0,0,0,1.0,0,0,0,0,0,0,0,0,0.0,0,0,0,0,0,1,1,1,0,0,1,1
Lancaster University,United Kingdom,Graduate,"business, social sciences",122,3.4,,6.5,28000,19.0,"AI, Management",1,50,5,5,15155,43155,1,0,0.0,0,0,0,0,0,1,0,0,0,0,0,0,0,0,0,0,0,0,0,0,0,0,0,0,0,0,0,0,0,0,0,0,0.0,0,0,0,0,0,0,0,0,0.0,0,1,0,0,0,0,0,0,0,0,0,0
University of Antwerp,Belgium,Graduate,"medicine, sciences",248,3.3,310.0,6.5,6000,40.0,"AI, Health",1,25,5,3,10150,16150,1,0,0.0,0,0,0,0,0,0,0,0,0,0,0,0,0,0,0,0,0,0,0,0,0,0,0,0,0,0,0,0,0,0,0,0,1.0,0,0,0,0,0,0,0,0,0.0,1,0,0,0,0,0,0,0,0,0,0,0
University of Geneva,Switzerland,Graduate,"international relations, sciences",128,3.3,310.0,6.5,1800,25.0,"AI, Policy",1,50,5,3,8734,10534,0,0,0.0,0,0,0,0,0,0,0,0,0,0,0,0,0,0,0,0,0,0,0,0,0,0,0,1,0,0,0,0,0,0,0,0,0.0,0,0,0,0,0,0,0,0,0.0,1,0,0,0,0,0,0,0,0,0,0,0
Durham University,United Kingdom,Graduate,"business, sciences",89,3.4,,6.5,28000,74.0,"AI, Energy",1,50,5,5,18980,46980,1,0,0.0,0,0,0,0,0,1,0,0,0,0,0,0,0,0,0,0,0,0,0,0,0,0,0,0,0,0,0,0,0,0,0,0,0.0,0,0,0,0,0,0,0,0,0.0,1,0,0,0,0,0,0,0,0,0,0,0
National Taiwan University (NTU),Taiwan,Graduate,"engineering, medicine",68,3.4,310.0,6.0,4000,30.0,"AI, Semiconductors",1,50,5,3,12295,16295,1,0,0.0,0,0,0,0,0,0,0,0,0,0,0,0,0,0,1,0,0,0,0,0,0,0,0,0,0,0,0,0,0,0,0,0,1.0,0,0,0,0,0,0,0,0,0.0,0,0,0,0,0,1,1,1,1,0,0,1
University of Exeter,United Kingdom,Graduate,"medicine, business",169,3.4,,6.5,28000,89.0,"AI, Climate",1,50,5,5,13720,41720,1,0,0.0,0,0,0,0,0,1,0,0,0,0,0,0,0,0,0,0,0,0,0,0,0,0,0,0,0,0,0,0,0,0,0,0,1.0,0,0,0,0,0,0,0,0,0.0,0,0,0,0,0,0,0,0,0,0,0,0
Université Catholique de Louvain,Belgium,Graduate,"medicine, engineering",180,3.3,310.0,6.5,5000,20.0,"AI, Health",1,50,5,3,13648,18648,1,0,0.0,0,0,0,0,0,0,0,0,0,0,0,0,0,0,1,0,0,0,0,0,0,0,0,0,0,0,0,0,0,0,0,0,1.0,0,0,0,0,0,0,0,0,0.0,0,0,0,0,0,1,1,1,1,1,1,0
King Fahd University of Petroleum and Minerals,Saudi Arabia,Graduate,"engineering, sciences",180,3.4,310.0,6.0,3000,15.0,"Energy, AI",1,50,5,3,15116,18116,1,0,0.0,0,0,0,0,0,0,0,0,0,0,0,0,0,0,1,0,0,0,0,0,0,0,0,0,0,0,0,0,0,0,0,0,0.0,0,0,0,0,0,0,0,0,0.0,1,0,0,0,0,1,1,1,1,1,1,0
Pompeu Fabra University,Spain,Graduate,"social sciences, business",297,3.3,,6.0,3000,30.0,"Economics, AI",1,25,5,3,16722,19722,1,0,0.0,0,0,0,0,0,1,0,0,0,0,0,0,0,0,0,0,0,0,0,0,0,0,0,0,0,0,0,0,0,0,0,0,0.0,0,0,0,0,0,0,0,0,0.0,0,1,0,0,0,0,0,0,0,0,0,0
Macquarie University,Australia,Graduate,"business, engineering",130,3.3,,6.5,31000,40.0,"AI, Business",1,50,5,3,14085,45085,0,0,0.0,0,0,0,0,0,1,0,0,0,0,0,0,0,0,1,0,0,0,0,0,0,0,0,0,0,0,0,0,0,0,0,0,0.0,0,0,0,0,0,0,0,0,0.0,0,0,0,0,0,1,1,1,1,1,1,1
Tufts University,United States,Graduate,"medicine, engineering",275,3.6,320.0,7.0,63000,9.5,"AI, Health",1,25,5,5,15884,78884,0,0,0.0,0,0,0,0,0,0,0,0,0,0,0,0,0,0,1,0,0,0,0,0,0,0,0,0,0,0,0,0,0,0,0,0,1.0,0,0,0,0,0,0,0,0,0.0,0,0,0,0,0,1,1,0,1,1,1,0
University of Cape Town,South Africa,Graduate,"medicine, engineering",171,3.3,,6.5,5000,23.0,"AI, Climate",1,50,5,3,18423,23423,1,0,0.0,0,0,0,0,0,0,0,0,0,0,0,0,0,0,1,0,0,0,0,0,0,0,0,0,0,0,0,0,0,0,0,0,1.0,0,0,0,0,0,0,0,0,0.0,0,0,0,0,0,1,1,1,0,1,1,0
University of Macau,Macao,Graduate,"business, engineering",254,3.3,310.0,6.0,8000,20.0,"AI, Gaming",1,25,5,3,15464,23464,0,0,0.0,0,0,0,0,0,1,0,0,0,0,0,0,0,0,1,0,0,0,0,0,0,0,0,0,0,0,0,0,0,0,0,0,0.0,0,0,0,0,0,0,0,0,0.0,0,0,0,0,0,1,1,1,0,1,0,0
University of Twente,Netherlands,Graduate,"engineering, business",210,3.3,,6.5,12000,45.0,"AI, Robotics",1,25,5,3,8555,20555,1,0,0.0,0,0,0,0,0,1,0,0,0,0,0,0,0,0,1,0,0,0,0,0,0,0,0,0,0,0,0,0,0,0,0,0,0.0,0,0,0,0,0,0,0,0,0.0,0,0,0,0,0,1,1,1,1,0,0,1
Southern University of Science and Technology (SUSTech),China,Graduate,"engineering, sciences",                                                             NA,3.5,310.0,6.0,28000,10.0,"AI, Materials",1,25,5,3,15440,43440,1,0,0.0,0,0,0,0,0,0,0,0,0,0,0,0,0,0,1,0,0,0,0,0,0,0,0,0,0,0,0,0,0,0,0,0,0.0,0,0,0,0,0,0,0,0,0.0,1,0,0,0,0,1,1,0,0,0,1,0
Université Paris Cité,France,Graduate,"medicine, sciences",236,3.3,,6.0,3000,15.0,"AI, Health",1,25,5,3,18273,21273,0,0,0.0,0,0,0,0,0,0,0,0,0,0,0,0,0,0,0,0,0,0,0,0,0,0,0,0,0,0,0,0,0,0,0,0,1.0,0,0,0,0,0,0,0,0,0.0,1,0,0,0,0,0,0,0,0,0,0,0
Eindhoven University of Technology,Netherlands,Graduate,"engineering, computer science",124,3.3,,6.5,15000,50.0,"AI, High-Tech",1,50,5,3,17681,32681,0,0,0.0,0,0,0,0,0,0,0,0,1,0,0,0,0,0,1,0,0,0,0,0,0,0,0,0,0,0,0,0,0,0,0,0,0.0,0,0,0,0,0,0,0,0,0.0,0,0,0,0,0,1,1,1,1,0,1,1
Sapienza University of Rome,Italy,Graduate,"engineering, medicine",134,3.3,,6.0,3000,60.0,"AI, Heritage",1,50,5,3,8542,11542,1,0,0.0,0,0,0,0,0,0,0,0,0,0,0,0,0,0,1,0,0,0,0,0,0,0,0,0,0,0,0,0,0,0,0,0,1.0,0,0,0,0,0,0,0,0,0.0,0,0,0,0,0,1,1,1,1,0,0,0
University of St Andrews,United Kingdom,Graduate,"sciences, humanities",95,3.4,,6.5,32000,25.0,"AI, Physics",1,50,5,5,12980,44980,0,0,0.0,0,0,0,0,0,0,0,0,0,0,0,0,0,0,0,0,0,0,0,0,1,0,0,0,0,0,0,0,0,0,0,0,0.0,0,0,0,0,0,0,0,0,0.0,1,0,0,0,0,0,0,0,0,0,0,0
University of Münster,Germany,Graduate,"medicine, sciences",196,3.3,310.0,6.5,3000,20.0,"AI, Chemistry",1,50,5,2,8467,11467,0,0,0.0,0,0,0,0,0,0,0,0,0,0,0,0,0,0,0,0,0,0,0,0,0,0,0,0,0,0,0,0,0,0,0,0,1.0,0,0,0,0,0,0,0,0,0.0,1,0,0,0,0,0,0,0,0,0,0,0
Indiana University,United States,Graduate,"business, medicine",355,3.4,315.0,6.5,38000,80.0,"AI, Health",1,25,5,5,17564,55564,0,0,0.0,0,0,0,0,0,1,0,0,0,0,0,0,0,0,0,0,0,0,0,0,0,0,0,0,0,0,0,0,0,0,0,0,1.0,0,0,0,0,0,0,0,0,0.0,0,0,0,0,0,0,0,0,0,0,0,0
Korea University,South Korea,Graduate,"business, engineering",67,3.4,310.0,6.0,9000,20.0,"AI, Business",1,50,5,3,18793,27793,1,0,0.0,0,0,0,0,0,1,0,0,0,0,0,0,0,0,1,0,0,0,0,0,0,0,0,0,0,0,0,0,0,0,0,0,0.0,0,0,0,0,0,0,0,0,0.0,0,0,0,0,0,1,1,1,0,0,1,0
Abu Dhabi University,United Arab Emirates,Graduate,"engineering, business",                                                         701+,3.3,310.0,6.0,12000,40.0,"AI, Energy",1,25,5,3,15474,27474,1,0,0.0,0,0,0,0,0,1,0,0,0,0,0,0,0,0,1,0,0,0,0,0,0,0,0,0,0,0,0,0,0,0,0,0,0.0,0,0,0,0,0,0,0,0,0.0,0,0,0,0,0,1,1,1,1,0,0,1
Stockholm University,Sweden,Graduate,"social sciences, sciences",141,3.3,,6.5,14000,40.0,"AI, Climate",1,50,5,3,19372,33372,1,0,0.0,0,0,0,0,0,0,0,0,0,0,0,0,0,0,0,0,0,0,0,0,0,0,0,0,0,0,0,0,0,0,0,0,0.0,0,0,0,0,0,0,0,0,0.0,1,1,0,0,0,0,0,0,0,0,0,0
University of Leicester,United Kingdom,Graduate,"medicine, engineering",272,3.3,,6.5,28000,72.0,"AI, Space",1,25,5,5,16767,44767,0,0,0.0,0,0,0,0,0,0,0,0,0,0,0,0,0,0,1,0,0,0,0,0,0,0,0,0,0,0,0,0,0,0,0,0,1.0,0,0,0,0,0,0,0,0,0.0,0,0,0,0,0,1,1,0,1,1,1,0
University of Ottawa,Canada,Graduate,"engineering, law, business, medicine, social sciences",189,3.3,310.0,6.5,22000,35.0,"AI & Cybersecurity, Public Policy, Health Sciences",1,50,5,5,19357,41357,0,0,0.0,0,0,0,0,0,1,0,0,0,0,0,0,0,0,1,0,0,0,0,0,0,0,0,0,0,1,0,0,0,0,0,0,1.0,0,0,0,0,0,0,0,0,0.0,0,1,0,0,0,1,1,1,1,1,1,0
Tokyo Institute of Technology,Japan,Graduate,"engineering, computer science, materials science, physics",91,3.4,315.0,6.0,5000,20.0,"Robotics & AI, Materials Science, Sustainable Energy",1,50,5,3,12666,17666,1,0,0.0,0,0,0,0,0,0,0,0,1,0,0,0,0,0,1,0,0,0,0,0,0,0,0,0,0,0,0,0,0,0,1,0,0.0,0,0,0,1,0,0,0,0,0.0,0,0,0,0,0,1,1,1,1,0,0,0
Aalto University,Finland,Graduate,"design, engineering, business, computer science",113,3.3,310.0,6.5,15000,12.0,"Design Innovation, AI & Digitalisation, Sustainable Tech",1,50,5,3,12648,27648,0,0,0.0,0,0,0,0,0,1,0,0,1,0,1,0,0,0,1,0,0,0,0,0,0,0,0,0,0,0,0,0,0,0,0,0,0.0,0,0,0,0,0,0,0,0,0.0,0,0,0,0,0,1,1,1,0,0,0,0
University of California Santa Cruz,United States,Graduate,"computer science, astronomy, environmental science, game design",293,3.4,310.0,6.5,29000,47.0,"Astronomy & Astrophysics, AI & Data Science, Environmental Policy",1,25,5,5,19187,48187,0,0,0.0,0,0,1,0,0,0,0,0,1,0,0,0,0,0,0,1,0,0,1,0,0,0,0,0,0,0,0,0,0,0,0,0,0.0,0,0,0,0,0,0,0,0,0.0,0,0,0,0,0,0,0,0,0,0,0,0
University of Notre Dame,United States,Graduate,"business, law, engineering, theology",304,3.7,320.0,7.0,58000,13.0,"Business Ethics, Engineering Innovation, Global Affairs",1,25,5,5,12970,70970,1,0,0.0,0,0,0,0,0,1,0,0,0,0,0,0,0,0,1,0,0,0,0,0,0,0,0,0,0,1,0,0,0,0,0,0,0.0,0,0,0,0,0,0,0,0,0.0,0,0,1,0,0,1,1,0,1,0,1,0
Ulm University,Germany,Graduate,"medicine, engineering, computer science, mathematics",375,3.2,310.0,6.5,3000,25.0,"Medical Engineering, AI & Data Analytics",1,25,5,2,11124,14124,0,0,0.0,0,0,0,0,0,0,0,0,1,0,0,0,0,0,1,0,0,0,0,0,0,0,0,0,0,0,0,0,0,0,0,1,1.0,0,0,0,0,0,0,0,0,0.0,0,0,0,0,0,1,1,0,1,0,0,1
Universitat Autònoma de Barcelona,Spain,Graduate,"medicine, engineering, humanities, environmental science",196,3.2,,6.5,4000,30.0,"Environmental Science, Biomedicine, Humanities",1,50,2,3,17290,21290,1,0,0.0,0,0,0,0,0,0,0,0,0,0,0,0,0,0,1,1,0,0,0,0,1,0,0,0,0,0,0,0,0,0,0,0,1.0,0,0,0,0,0,0,0,0,0.0,0,0,0,0,0,1,1,1,0,1,1,0
University of Zurich,Switzerland,Graduate,"medicine, economics, law, sciences",109,3.4,310.0,6.5,1800,27.0,"Neuroscience, Finance, AI Ethics",1,50,5,3,8322,10122,1,0,0.0,0,0,0,0,0,0,0,0,0,0,0,1,0,0,0,0,0,0,0,0,0,0,0,0,0,1,0,0,0,0,0,0,1.0,0,0,0,0,0,0,0,0,0.0,1,0,0,0,0,0,0,0,0,0,0,0
University of Sussex,United Kingdom,Graduate,"social sciences, engineering, business",218,3.3,,6.5,28000,85.0,"AI Policy, Climate",1,25,5,5,9706,37706,0,0,0.0,0,0,0,0,0,1,0,0,0,0,0,0,0,0,1,0,0,0,0,0,0,0,0,0,0,0,0,0,0,0,0,0,0.0,0,0,0,0,0,0,0,0,0.0,0,1,0,0,0,1,1,1,1,1,0,1
University of Reading,United Kingdom,Graduate,"agriculture, business, meteorology",169,3.3,,6.5,28000,87.0,"Climate, AI",1,50,5,5,9604,37604,0,1,0.0,0,0,0,0,0,1,0,0,0,0,0,0,0,0,0,0,0,0,0,0,0,0,0,0,0,0,0,0,0,0,0,0,0.0,1,0,0,0,0,0,0,0,0.0,0,0,0,0,0,0,0,0,0,0,0,0
University of Alberta (additional programs),Canada,Graduate,"agriculture, environmental science",96,3.4,315.0,6.5,22000,58.0,"Energy Transition, AI",1,50,5,5,17507,39507,1,1,0.0,0,0,0,0,0,0,0,0,0,0,0,0,0,0,0,1,0,0,0,0,0,0,0,0,0,0,0,0,0,0,0,0,0.0,0,0,0,0,0,0,0,0,0.0,0,0,0,0,0,0,0,0,0,0,0,0
University of Calgary,Canada,Graduate,"engineering, energy",182,3.4,315.0,6.5,22000,60.0,"Oil & Gas, AI",1,50,5,5,18514,40514,1,0,0.0,0,0,0,0,0,0,0,0,0,0,0,0,0,1,1,0,0,0,0,0,0,0,0,0,0,0,0,0,0,0,0,0,0.0,0,0,0,0,0,0,0,0,0.0,0,0,0,0,0,1,1,1,1,1,1,1
Simon Fraser University,Canada,Graduate,"computing, business",318,3.3,310.0,6.5,22000,65.0,"AI, Cybersecurity",1,25,5,5,11864,33864,1,0,0.0,0,0,0,0,0,1,0,0,0,1,0,0,0,0,0,0,0,0,0,0,0,0,0,0,0,0,0,0,0,0,0,0,0.0,0,0,0,0,0,0,0,0,0.0,0,0,0,0,0,0,0,0,0,0,0,0
University of Zurich (additional),Switzerland,Graduate,"computer science, biology",109,3.4,310.0,6.5,1800,27.0,"Bioinformatics, AI",1,50,5,3,18690,20490,0,0,0.0,0,0,0,1,0,0,0,0,1,0,0,0,0,0,0,0,0,0,0,0,0,0,0,0,0,0,0,0,0,0,0,0,0.0,0,0,0,0,0,0,0,0,0.0,0,0,0,0,0,0,0,0,0,0,0,0
University of Basel (additional),Switzerland,Graduate,"chemistry, physics",126,3.4,310.0,6.5,1800,25.0,"Nanotech, AI",1,50,5,3,8281,10081,1,0,0.0,0,0,0,0,0,0,1,0,0,0,0,0,0,0,0,0,0,0,0,0,0,0,0,0,0,0,0,0,0,0,0,0,0.0,0,0,0,1,0,0,0,0,0.0,0,0,0,0,0,0,0,0,0,0,0,0
Technical University of Denmark (additional),Denmark,Graduate,"wind energy, biotech",109,3.4,,6.5,16000,45.0,"Renewables, AI",1,50,5,3,13474,29474,1,0,0.0,0,0,0,0,1,0,0,0,0,0,0,0,0,0,0,0,0,0,0,0,0,0,0,0,0,0,0,0,0,0,0,0,0.0,0,0,0,0,0,0,0,0,0.0,0,0,0,0,1,0,0,0,0,0,0,0
Chalmers University of Technology,Sweden,Graduate,"engineering, materials",129,3.4,310.0,6.5,16000,40.0,"Sustainable Materials, AI",1,50,5,3,14467,30467,1,0,0.0,0,0,0,0,0,0,0,0,0,0,0,0,0,0,1,0,0,0,0,0,0,0,0,0,0,0,0,0,0,1,0,0,0.0,0,0,0,0,0,0,0,0,0.0,0,0,0,0,0,1,1,1,0,0,0,0
University of Gothenburg,Sweden,Graduate,"medicine, social sciences",202,3.3,,6.5,14000,35.0,"Health, AI",1,25,5,3,14933,28933,1,0,0.0,0,0,0,0,0,0,0,0,0,0,0,0,0,0,0,0,0,0,0,0,0,0,0,0,0,0,0,0,0,0,0,0,1.0,0,0,0,0,0,0,0,0,0.0,0,1,0,0,0,0,0,0,0,0,0,0
University of Oslo (additional),Norway,Graduate,"informatics, law",126,3.3,,6.5,1000,10.0,"AI Law, Climate",1,50,5,3,11254,12254,1,0,0.0,0,0,0,0,0,0,0,0,0,0,0,0,0,0,0,0,0,0,0,0,0,1,0,0,0,1,0,0,0,0,0,0,0.0,0,0,0,0,0,0,0,0,0.0,0,0,0,0,0,0,0,0,0,0,0,0
University of Bergen,Norway,Graduate,"marine sciences, medicine",300,3.3,,6.5,1000,15.0,"Ocean, AI",1,25,5,3,13418,14418,0,0,0.0,0,0,0,0,0,0,0,0,0,0,0,0,0,0,0,0,0,0,0,0,0,0,0,0,0,0,0,0,1,0,0,0,1.0,0,0,0,0,0,0,0,0,0.0,0,0,0,0,0,0,0,0,0,0,0,0
University of Helsinki (additional),Finland,Graduate,computer science,106,3.4,,6.5,14000,17.0,"AI, Data",1,50,5,3,10975,24975,0,0,0.0,0,0,0,0,0,0,0,0,1,0,0,0,0,0,0,0,0,0,0,0,0,0,0,0,0,0,0,0,0,0,0,0,0.0,0,0,0,0,0,0,0,0,0.0,0,0,0,0,0,0,0,0,0,0,0,0
University of Barcelona (additional),Spain,Graduate,"economics, tourism",164,3.3,,6.0,3000,30.0,"Smart Cities, AI",1,50,5,3,11794,14794,0,0,0.0,0,0,0,0,0,0,0,0,0,0,0,1,0,0,0,0,0,0,0,0,0,0,0,0,0,0,0,0,0,0,0,0,0.0,0,0,0,0,0,0,0,0,0.0,0,0,0,1,0,0,0,0,0,0,0,0
Complutense University of Madrid,Spain,Graduate,"medicine, law",171,3.2,,6.0,3000,50.0,"AI Ethics, Health",1,50,5,3,15389,18389,0,0,0.0,0,0,0,0,0,0,0,0,0,0,0,0,0,0,0,0,0,0,0,0,0,0,0,0,0,1,0,0,0,0,0,0,1.0,0,0,0,0,0,0,0,0,0.0,0,0,0,0,0,0,0,0,0,0,0,0
University of Lisbon,Portugal,Graduate,"engineering, medicine",266,3.3,,6.0,7000,40.0,"AI, Sustainability",1,25,5,3,17673,24673,0,0,0.0,0,0,0,0,0,0,0,0,0,0,0,0,0,0,1,0,0,0,0,0,0,0,0,0,0,0,0,0,0,0,0,0,1.0,0,0,0,0,0,0,0,0,0.0,0,0,0,0,0,1,1,1,1,0,0,1
University of Porto,Portugal,Graduate,"engineering, business",300,3.3,,6.0,7000,45.0,"AI, Health",1,25,5,3,13635,20635,0,0,0.0,0,0,0,0,0,1,0,0,0,0,0,0,0,0,1,0,0,0,0,0,0,0,0,0,0,0,0,0,0,0,0,0,0.0,0,0,0,0,0,0,0,0,0.0,0,0,0,0,0,1,1,1,1,1,1,0
University of Milan,Italy,Graduate,"medicine, law",285,3.3,,6.0,3000,55.0,"AI, Biomed",1,25,5,3,8139,11139,0,0,0.0,0,0,0,0,0,0,0,0,0,0,0,0,0,0,0,0,0,0,0,0,0,0,0,0,0,1,0,0,0,0,0,0,1.0,0,0,0,0,0,0,0,0,0.0,0,0,0,0,0,0,0,0,0,0,0,0
Politecnico di Milano,Italy,Graduate,"engineering, design",111,3.4,,6.0,3000,35.0,"AI, Architecture",1,50,5,3,19783,22783,0,0,0.0,0,0,0,0,0,0,0,0,0,0,1,0,0,0,1,0,0,0,0,0,0,0,0,0,0,0,0,0,0,0,0,0,0.0,0,0,0,0,0,0,0,0,0.0,0,0,0,0,0,1,1,0,1,0,1,0
University of Padua,Italy,Graduate,"engineering, medicine",219,3.3,,6.0,3000,45.0,"AI, Space",1,25,5,3,12592,15592,1,0,0.0,0,0,0,0,0,0,0,0,0,0,0,0,0,0,1,0,0,0,0,0,0,0,0,0,0,0,0,0,0,0,0,0,1.0,0,0,0,0,0,0,0,0,0.0,0,0,0,0,0,1,1,1,1,0,1,0
University of Vienna (additional),Austria,Graduate,computer science,127,3.3,,6.5,1700,20.0,"AI, Quantum",1,50,5,2,13646,15346,1,0,0.0,0,0,0,0,0,0,0,0,1,0,0,0,0,0,0,0,0,0,0,0,0,0,0,0,0,0,0,0,0,0,0,0,0.0,0,0,0,0,0,0,0,0,0.0,0,0,0,0,0,0,0,0,0,0,0,0
Vienna University of Technology,Austria,Graduate,"engineering, informatics",179,3.3,310.0,6.5,1700,25.0,"AI, Robotics",1,50,5,2,12623,14323,1,0,0.0,0,0,0,0,0,0,0,0,0,0,0,0,0,0,1,0,0,0,0,0,0,1,0,0,0,0,0,0,0,0,0,0,0.0,0,0,0,0,0,0,0,0,0.0,0,0,0,0,0,1,1,1,1,0,0,0
University of Warsaw,Poland,Graduate,"computer science, social sciences",262,3.2,310.0,6.5,4000,50.0,"AI, Data",1,25,5,3,16198,20198,1,0,0.0,0,0,0,0,0,0,0,0,1,0,0,0,0,0,0,0,0,0,0,0,0,0,0,0,0,0,0,0,0,0,0,0,0.0,0,0,0,0,0,0,0,0,0.0,0,1,0,0,0,0,0,0,0,0,0,0
Jagiellonian University,Poland,Graduate,"medicine, humanities",304,3.2,310.0,6.5,4000,45.0,AI Ethics,1,25,5,3,14675,18675,0,0,0.0,0,0,0,0,0,0,0,0,0,0,0,0,0,0,0,0,0,0,0,0,1,0,0,0,0,0,0,0,0,0,0,0,1.0,0,0,0,0,0,0,0,0,0.0,0,0,0,0,0,0,0,0,0,0,0,0
Charles University,Czech Republic,Graduate,"medicine, sciences",271,3.2,310.0,6.5,5000,40.0,"AI, Health",1,25,5,3,17219,22219,0,0,0.0,0,0,0,0,0,0,0,0,0,0,0,0,0,0,0,0,0,0,0,0,0,0,0,0,0,0,0,0,0,0,0,0,1.0,0,0,0,0,0,0,0,0,0.0,1,0,0,0,0,0,0,0,0,0,0,0
University of Prague,Czech Republic,Graduate,engineering,                                                             NA,3.2,310.0,6.5,5000,55.0,"AI, Materials",1,25,5,3,15421,20421,0,0,0.0,0,0,0,0,0,0,0,0,0,0,0,0,0,0,1,0,0,0,0,0,0,0,0,0,0,0,0,0,0,0,0,0,0.0,0,0,0,0,0,0,0,0,0.0,0,0,0,0,0,1,1,0,1,1,0,0
University of Ljubljana,Slovenia,Graduate,"engineering, medicine",                                                         601+,3.2,310.0,6.5,5000,60.0,"AI, Sustainability",1,25,5,3,12862,17862,1,0,0.0,0,0,0,0,0,0,0,0,0,0,0,0,0,0,1,0,0,0,0,0,0,0,0,0,0,0,0,0,0,0,0,0,1.0,0,0,0,0,0,0,0,0,0.0,0,0,0,0,0,1,1,1,1,0,0,0
University of Belgrade,Serbia,Graduate,engineering,                                                            NA,3.2,310.0,6.5,3000,70.0,"AI, Energy",1,25,5,3,18037,21037,1,0,0.0,0,0,0,0,0,0,0,0,0,0,0,0,0,0,1,0,0,0,0,0,0,0,0,0,0,0,0,0,0,0,0,0,0.0,0,0,0,0,0,0,0,0,0.0,0,0,0,0,0,1,1,0,1,0,1,1
University of Bucharest,Romania,Graduate,computer science,                                                         601+,3.1,310.0,6.5,4000,65.0,"AI, Data",1,25,5,3,19811,23811,1,0,0.0,0,0,0,0,0,0,0,0,1,0,0,0,0,0,0,0,0,0,0,0,0,0,0,0,0,0,0,0,0,0,0,0,0.0,0,0,0,0,0,0,0,0,0.0,0,0,0,0,0,0,0,0,0,0,0,0
Babes-Bolyai University,Romania,Graduate,sciences,                                                            NA,3.1,310.0,6.5,4000,70.0,AI,1,25,5,3,9619,13619,0,0,0.0,0,0,0,0,0,0,0,0,0,0,0,0,0,0,0,0,0,0,0,0,0,0,0,0,0,0,0,0,0,0,0,0,0.0,0,0,0,0,0,0,0,0,0.0,1,0,0,0,0,0,0,0,0,0,0,0
University of Sofia,Bulgaria,Graduate,engineering,                                                            NA,3.1,310.0,6.5,3500,75.0,AI,1,25,5,3,18675,22175,0,0,0.0,0,0,0,0,0,0,0,0,0,0,0,0,0,0,1,0,0,0,0,0,0,0,0,0,0,0,0,0,0,0,0,0,0.0,0,0,0,0,0,0,0,0,0.0,0,0,0,0,0,1,1,1,1,0,0,1
University of Utah,United States,Graduate,"engineering, computer science, business, medicine",252,3.2,310.0,6.5,27000,68.0,"Materials, Energy, Biomedical",1,50,4,3,13000,40000,1,0,,0,0,0,0,0,1,0,0,1,0,0,0,0,0,1,0,0,0,0,0,0,0,0,0,0,0,0,0,0,0,0,0,1.0,0,0,0,0,0,0,0,0,,0,0,0,0,0,1,1,1,1,0,1,0
University of Delaware,United States,Graduate,"engineering, chemical engineering, business",350,3.2,310.0,6.5,33000,65.0,"Chemical Engineering, Materials",1,50,4,3,12000,45000,1,0,,0,0,0,0,0,1,0,0,1,0,0,0,0,0,1,0,0,0,0,0,0,0,0,0,0,0,0,0,0,0,0,0,,0,0,0,0,0,0,0,0,,0,0,0,0,0,1,1,1,1,0,0,0
University of Connecticut,United States,Graduate,"engineering, computer science, business",373,3.2,310.0,6.5,30000,56.0,"Advanced Manufacturing, Cybersecurity",1,50,4,3,14000,44000,1,0,,0,0,0,0,0,1,0,0,1,0,0,0,0,0,1,0,0,0,0,0,0,0,0,0,0,0,0,0,0,0,0,0,,0,0,0,0,0,0,0,0,,0,0,0,0,0,1,1,1,1,0,1,0
University of Iowa,United States,Graduate,"engineering, civil engineering, biomedical engineering",315,3.2,310.0,6.5,28000,83.0,"Hydraulics, Biomedical, Industrial",1,50,4,3,11000,39000,1,0,,0,0,0,0,0,1,0,0,1,0,0,0,0,0,1,0,0,0,0,0,0,0,0,0,0,0,0,0,0,0,0,0,,0,0,0,0,0,0,0,0,,0,0,0,0,0,1,1,1,1,0,1,1
Iowa State University,United States,Graduate,"engineering, aerospace engineering, agriculture",395,3.1,310.0,6.5,25000,89.0,"Agriculture, Aerospace, Wind Energy",1,50,4,3,10000,35000,1,0,,0,0,0,0,0,1,0,0,1,0,0,0,0,0,1,0,0,0,0,0,0,0,0,0,0,0,0,0,0,0,0,0,,0,0,0,0,0,0,0,0,,0,0,0,0,0,1,1,1,1,1,0,1
Clemson University,United States,Graduate,"engineering, mechanical engineering, civil engineering",460,3.2,310.0,6.5,24000,51.0,"Automotive Engineering, Advanced Materials",1,50,4,3,11000,35000,1,0,,0,0,0,0,0,1,0,0,1,0,0,0,0,0,1,0,0,0,0,0,0,0,0,0,0,0,0,0,0,0,0,0,,0,0,0,0,0,0,0,0,,0,0,0,0,0,1,1,1,1,0,1,1
Oregon State University,United States,Graduate,"engineering, electrical engineering, environmental engineering",411,3.1,310.0,6.5,27000,82.0,"Robotics, Ocean Engineering, Renewable Energy",1,50,4,3,13000,40000,1,0,,0,0,0,0,0,1,0,0,1,0,0,0,0,0,1,0,0,0,0,0,0,0,0,0,0,0,0,0,0,0,0,0,,0,0,0,0,0,0,0,0,,0,0,0,0,0,1,1,1,1,0,0,1
University of Oregon,United States,Graduate,"sciences, business",362,3.2,310.0,6.5,30000,83.0,"Green Chemistry, Optics, Neuroscience",1,50,3,3,13000,43000,1,0,,0,0,0,0,0,1,0,0,1,0,0,0,0,0,0,0,0,0,0,0,0,0,0,0,0,0,0,0,0,0,0,0,,0,0,0,0,0,0,0,0,,0,0,0,0,0,0,0,0,0,0,0,0
Colorado State University,United States,Graduate,"engineering, civil engineering, environmental engineering",431,3.1,310.0,6.5,26000,85.0,"Environmental Engineering, Atmospheric Science",1,50,4,3,12000,38000,1,0,,0,0,0,0,0,1,0,0,1,0,0,0,0,0,1,0,0,0,0,0,0,0,0,0,0,0,0,0,0,0,0,0,,0,0,0,0,0,0,0,0,,0,0,0,0,0,1,1,1,1,0,1,0
University of Kansas,United States,Graduate,"engineering, aerospace engineering, chemical engineering",450,3.1,310.0,6.5,24000,86.0,"Aerospace, Petroleum, Chemical Engineering",1,50,4,3,10000,34000,1,0,,0,0,0,0,0,1,0,0,1,0,0,0,0,0,1,0,0,0,0,0,0,0,0,0,0,0,0,0,0,0,0,0,,0,0,0,0,0,0,0,0,,0,0,0,0,0,1,1,1,1,1,0,0
University of Nebraska-Lincoln,United States,Graduate,"engineering, civil engineering, agricultural engineering",480,3.1,310.0,6.5,23000,75.0,"Agricultural Engineering, Water Resources",1,50,4,3,10000,33000,1,0,,0,0,0,0,0,1,0,0,1,0,0,0,0,0,1,0,0,0,0,0,0,0,0,0,0,0,0,0,0,0,0,0,,0,0,0,0,0,0,0,0,,0,0,0,0,0,1,1,1,1,0,0,1
University of New Mexico,United States,Graduate,"engineering, electrical engineering, nuclear engineering",500,3.1,310.0,6.5,22000,70.0,"Nuclear Engineering, Microsystems",1,50,4,3,11000,33000,1,0,,0,0,0,0,0,0,0,0,1,0,0,0,0,0,1,0,0,0,0,0,0,0,0,0,0,0,0,0,0,0,0,0,,0,0,0,0,0,0,0,0,,0,0,0,0,0,1,1,1,1,0,0,0
University of Oklahoma,United States,Graduate,"engineering, aerospace engineering, petroleum engineering",470,3.1,310.0,6.5,23000,80.0,"Petroleum, Aerospace, Weather Science",1,50,4,3,10000,33000,1,0,,0,0,0,0,0,1,0,0,1,0,0,0,0,0,1,0,0,0,0,0,0,0,0,0,0,0,0,0,0,0,0,0,,0,0,0,0,0,0,0,0,,0,0,0,0,0,1,1,1,1,1,0,1
University of South Carolina,United States,Graduate,"engineering, chemical engineering, mechanical engineering",480,3.2,310.0,6.5,28000,68.0,"Chemical Engineering, Biomedical",1,50,4,3,11000,39000,1,0,,0,0,0,0,0,1,0,0,1,0,0,0,0,0,1,0,0,0,0,0,0,0,0,0,0,0,0,0,0,0,0,0,,0,0,0,0,0,0,0,0,,0,0,0,0,0,1,1,1,1,0,1,0
University of Tennessee Knoxville,United States,Graduate,"engineering, nuclear engineering, aerospace engineering",440,3.2,310.0,6.5,27000,72.0,"Nuclear, Aerospace, Reliability",1,50,4,3,11000,38000,1,0,,0,0,0,0,0,1,0,0,1,0,0,0,0,0,1,0,0,0,0,0,0,0,0,0,0,0,0,0,0,0,0,0,,0,0,0,0,0,0,0,0,,0,0,0,0,0,1,1,1,1,1,1,1
University of Kentucky,United States,Graduate,"engineering, mining engineering, chemical engineering",500,3.1,310.0,6.5,24000,76.0,"Mining, Chemical Engineering, Power Systems",1,50,3,3,10000,34000,1,0,,0,0,0,0,0,1,0,0,1,0,0,0,0,0,1,0,0,0,0,0,0,0,0,0,0,0,0,0,0,0,0,0,,0,0,0,0,0,0,0,0,,0,0,0,0,0,1,1,1,1,0,0,0
Drexel University,United States,Graduate,"engineering, biomedical engineering, mechanical engineering",460,3.2,312.0,6.5,38000,72.0,"Biomedical, Materials, Systems Engineering",1,50,4,3,15000,53000,1,0,,0,0,0,0,0,1,0,0,1,0,0,0,0,0,1,0,0,0,0,0,0,0,0,0,0,0,0,0,0,0,0,0,,0,0,0,0,0,0,0,0,,0,0,0,0,0,1,1,1,1,0,1,0
Northeastern University,United States,Graduate,"engineering, computer science, robotics",325,3.3,315.0,6.5,42000,18.0,"AI, Robotics, Cybersecurity",1,50,4,4,16000,58000,1,0,,0,0,0,0,0,1,0,0,1,0,0,0,0,0,1,0,0,0,0,0,0,0,0,0,0,0,0,0,0,0,0,0,,0,0,0,0,0,0,0,0,,0,0,0,0,0,1,1,1,1,0,1,1
Rutgers University,United States,Graduate,"engineering, industrial engineering, biomedical engineering",262,3.3,312.0,6.5,30000,60.0,"Pharmaceutical, Industrial Engineering",1,50,4,3,15000,45000,1,0,,0,0,0,0,0,1,0,0,1,0,0,0,0,0,1,0,0,0,0,0,0,0,0,0,0,0,0,0,0,0,0,0,,0,0,0,0,0,0,0,0,,0,0,0,0,0,1,1,1,1,1,1,1
Virginia Tech,United States,Graduate,"engineering, aerospace engineering, civil engineering",290,3.3,315.0,6.5,29000,60.0,"Aerospace, Civil, Transportation",1,50,5,3,11000,40000,1,0,,0,0,0,0,0,1,0,0,1,0,0,0,0,0,1,0,0,0,0,0,0,0,0,0,0,0,0,0,0,0,0,0,,0,0,0,0,0,0,0,0,,0,0,0,0,0,1,1,1,1,1,1,1
North Carolina State University,United States,Graduate,"engineering, electrical engineering, nuclear engineering",295,3.3,312.0,6.5,26000,47.0,"Textiles, Nuclear, Electrical",1,50,4,3,12000,38000,1,0,,0,0,0,0,0,1,0,0,1,0,0,0,0,0,1,0,0,0,0,0,0,0,0,0,0,0,0,0,0,0,0,0,,0,0,0,0,0,0,0,0,,0,0,0,0,0,1,1,1,1,1,1,1
University of Houston,United States,Graduate,"engineering, petroleum engineering, industrial engineering",430,3.1,310.0,6.5,24000,66.0,"Petroleum, Chemical, Industrial",1,50,4,3,12000,36000,1,0,,0,0,0,0,0,1,0,0,1,0,0,0,0,0,1,0,0,0,0,0,0,0,0,0,0,0,0,0,0,0,0,0,,0,0,0,0,0,0,0,0,,0,0,0,0,0,1,1,1,1,0,1,1
University of Cincinnati,United States,Graduate,"engineering, aerospace engineering, biomedical engineering",420,3.2,310.0,6.5,26000,75.0,"Aerospace, Biomedical, Co-op Programs",1,50,4,4,11000,37000,1,0,,0,0,0,0,0,1,0,0,1,0,0,0,0,0,1,0,0,0,0,0,0,0,0,0,0,0,0,0,0,0,0,0,,0,0,0,0,0,0,0,0,,0,0,0,0,0,1,1,1,1,1,1,0
University at Buffalo SUNY,United States,Graduate,"engineering, civil engineering, mechanical engineering",350,3.2,310.0,6.5,25000,60.0,"Structural Engineering, AI",1,50,4,3,12000,37000,1,0,,0,0,0,0,0,1,0,0,1,0,0,0,0,0,1,0,0,0,0,0,0,0,0,0,0,0,0,0,0,0,0,0,,0,0,0,0,0,0,0,0,,0,0,0,0,0,1,1,1,1,1,0,1
Stony Brook University,United States,Graduate,"engineering, biomedical engineering, electrical engineering",338,3.3,312.0,6.5,26000,44.0,"Biomedical, Materials, Energy",1,50,4,3,15000,41000,1,0,,0,0,0,0,0,1,0,0,1,0,0,0,0,0,1,0,0,0,0,0,0,0,0,0,0,0,0,0,0,0,0,0,,0,0,0,0,0,0,0,0,,0,0,0,0,0,1,1,0,1,0,1,0
George Washington University,United States,Graduate,"engineering, systems engineering, computer science",375,3.3,315.0,7.0,48000,41.0,"Systems Engineering, Cybersecurity",1,50,3,4,17000,65000,1,0,,0,0,0,0,0,1,0,0,1,0,0,0,0,0,1,0,0,0,0,0,0,0,0,0,0,0,0,0,0,0,0,0,,0,0,0,0,0,0,0,0,,0,0,0,0,0,1,1,1,0,0,1,0
Syracuse University,United States,Graduate,"engineering, aerospace engineering, mechanical engineering",480,3.2,310.0,6.5,40000,55.0,"Aerospace, Mechanical Systems",1,50,3,3,13000,53000,1,0,,0,0,0,0,0,1,0,0,1,0,0,0,0,0,1,0,0,0,0,0,0,0,0,0,0,0,0,0,0,0,0,0,,0,0,0,0,0,0,0,0,,0,0,0,0,0,1,1,1,1,1,1,0
Missouri University of Science and Technology,United States,Graduate,"engineering, mining engineering, mechanical engineering",500,3.1,310.0,6.5,22000,81.0,"Mining, Explosives, Manufacturing",1,50,4,3,10000,32000,1,0,,0,0,0,0,0,0,0,0,1,0,0,0,0,0,1,0,0,0,0,0,0,0,0,0,0,0,0,0,0,0,0,0,,0,0,0,0,0,0,0,0,,0,0,0,0,0,1,1,1,1,1,0,0
Stevens Institute of Technology,United States,Graduate,"engineering, systems engineering, mechanical engineering",430,3.3,315.0,6.5,44000,42.0,"Systems Engineering, AI, Maritime",1,50,4,3,16000,60000,1,0,,0,0,0,0,0,1,0,0,1,0,0,0,0,0,1,0,0,0,0,0,0,0,0,0,0,0,0,0,0,0,0,0,,0,0,0,0,0,0,0,0,,0,0,0,0,0,1,1,1,1,0,1,0
Rochester Institute of Technology,United States,Graduate,"engineering, mechanical engineering, industrial engineering",450,3.2,312.0,6.5,42000,65.0,"Manufacturing, Imaging Science, Microsystems",1,50,4,4,13000,55000,1,0,,0,0,0,0,0,1,0,0,1,0,0,0,0,0,1,0,0,0,0,0,0,0,0,0,0,0,0,0,0,0,0,0,,0,0,0,0,0,0,0,0,,0,0,0,0,0,1,1,0,1,0,1,1
Worcester Polytechnic Institute,United States,Graduate,"engineering, robotics, biomedical engineering",440,3.3,315.0,6.5,43000,48.0,"Robotics, Biomedical, Fire Protection",1,50,4,4,14000,57000,1,0,,0,0,0,0,0,1,0,0,1,0,0,0,0,0,1,0,0,0,0,0,0,0,0,0,0,0,0,0,0,0,0,0,,0,0,0,0,0,0,0,0,1.0,0,0,0,0,0,1,1,1,1,1,1,0
Rensselaer Polytechnic Institute,United States,Graduate,"engineering, computer science, electrical engineering",400,3.3,315.0,6.5,46000,57.0,"AI, Nanotechnology, Energy Systems",1,50,5,3,13000,59000,1,0,,0,0,0,0,0,1,0,0,1,0,0,0,0,0,1,0,0,0,0,0,0,0,0,0,0,0,0,0,0,0,0,0,,0,0,0,0,0,0,0,0,,0,0,0,0,0,1,1,1,1,1,1,1
Lehigh University,United States,Graduate,"engineering, industrial engineering, civil engineering",440,3.3,315.0,6.5,43000,37.0,"Structural, Materials, Industrial",1,50,4,3,13000,56000,1,0,,0,0,0,0,0,1,0,0,1,0,0,0,0,0,1,0,0,0,0,0,0,0,0,0,0,0,0,0,0,0,0,0,,0,0,0,0,0,0,0,0,,0,0,0,0,0,1,1,1,1,0,1,1
University of Alabama,United States,Graduate,"engineering, aerospace engineering, civil engineering",500,3.1,310.0,6.5,24000,80.0,"Aerospace, Chemical, Civil",1,50,3,3,10000,34000,1,0,,0,0,0,0,0,1,0,0,1,0,0,0,0,0,1,0,0,0,0,0,0,0,0,0,0,0,0,0,0,0,0,0,,0,0,0,0,0,0,0,0,,0,0,0,0,0,1,1,1,1,1,0,0
Auburn University,United States,Graduate,"engineering, chemical engineering, aerospace engineering",470,3.1,310.0,6.5,25000,75.0,"Polymer, Chemical, Aerospace",1,50,4,3,10000,35000,1,0,,0,0,0,0,0,1,0,0,1,0,0,0,0,0,1,0,0,0,0,0,0,0,0,0,0,0,0,0,0,0,0,0,,0,0,0,0,0,0,0,0,,0,0,0,0,0,1,1,1,1,1,0,1
University of Central Florida,United States,Graduate,"engineering, electrical engineering, mechanical engineering",490,3.1,310.0,6.5,22000,43.0,"Optics, Photonics, Simulation",1,50,4,3,12000,34000,1,0,,0,0,0,0,0,1,0,0,1,0,0,0,0,0,1,0,0,0,0,0,0,0,0,0,0,0,0,0,0,0,0,0,,0,0,0,0,0,0,0,0,,0,0,0,0,0,1,1,1,0,1,0,1
University of South Florida,United States,Graduate,"engineering, industrial engineering, biomedical engineering",445,3.2,310.0,6.5,23000,44.0,"Biomedical, Industrial, Clean Energy",1,50,4,3,12000,35000,1,0,,0,0,0,0,0,1,0,0,1,0,0,0,0,0,1,0,0,0,0,0,0,0,0,0,0,0,0,0,0,0,0,0,,0,0,0,0,0,0,0,0,,0,0,0,0,0,1,1,1,1,0,1,1
University of Missouri,United States,Graduate,"engineering, nuclear engineering, civil engineering",500,3.1,310.0,6.5,22000,78.0,"Nuclear, Biomedical, Industrial",1,50,3,3,10000,32000,1,0,,0,0,0,0,0,1,0,0,1,0,0,0,0,0,1,0,0,0,0,0,0,0,0,0,0,0,0,0,0,0,0,0,,0,0,0,0,0,0,0,0,,0,0,0,0,0,1,1,1,1,0,1,1
Temple University,United States,Graduate,"engineering, electrical engineering, civil engineering",500,3.1,310.0,6.5,28000,70.0,"Bioengineering, Electrical Systems",1,50,3,3,14000,42000,1,0,,0,0,0,0,0,1,0,0,1,0,0,0,0,0,1,0,0,0,0,0,0,0,0,0,0,0,0,0,0,0,0,0,,0,0,0,0,0,0,0,0,,0,0,0,0,0,1,1,1,0,0,1,0
Illinois Institute of Technology,United States,Graduate,"engineering, aerospace engineering, electrical engineering, architecture",460,3.2,312.0,6.5,40000,52.0,"Power Systems, Aerospace, Architecture",1,75,4,3,14000,54000,1,0,1.0,0,0,0,0,0,0,0,0,1,0,0,0,0,0,1,0,0,0,0,0,0,0,0,0,0,0,0,0,0,0,0,0,,0,0,0,0,0,0,0,0,,0,0,0,0,0,1,1,1,1,1,0,0
New Jersey Institute of Technology,United States,Graduate,"engineering, mechanical engineering, civil engineering",500,3.1,310.0,6.5,28000,68.0,"Manufacturing, Transportation, Solar",1,50,4,3,15000,43000,1,0,,0,0,0,0,0,1,0,0,1,0,0,0,0,0,1,0,0,0,0,0,0,0,0,0,0,0,0,0,0,0,0,0,,0,0,0,0,0,0,0,0,,0,0,0,0,0,1,1,1,1,0,1,1
Michigan Technological University,United States,Graduate,"engineering, mechanical engineering, civil engineering",500,3.1,310.0,6.5,24000,74.0,"Mining, Materials, Environmental",1,50,4,3,10000,34000,1,0,,0,0,0,0,0,0,0,0,1,0,0,0,0,0,1,0,0,0,0,0,0,0,0,0,0,0,0,0,0,0,0,0,,0,0,0,0,0,0,0,0,,0,0,0,0,0,1,1,1,1,0,1,0
Loughborough University,United Kingdom,Graduate,"engineering, mechanical engineering, civil engineering",212,3.3,,6.5,26000,55.0,"Sports Engineering, Automotive, Manufacturing",1,50,4,4,12000,38000,1,0,,0,0,0,0,0,1,0,0,1,0,0,0,0,0,1,0,0,0,0,0,0,0,0,0,0,0,0,0,0,0,0,0,,0,0,0,0,0,0,0,0,,0,0,0,0,0,1,1,1,1,1,0,0
University of Bath,United Kingdom,Graduate,"engineering, mechanical engineering, electrical engineering",148,3.4,,6.5,28000,35.0,"Automotive, Power Electronics, Sustainability",1,50,5,3,13000,41000,1,0,,0,0,0,0,0,1,0,0,1,0,0,0,0,0,1,0,0,0,0,0,0,0,0,0,0,0,0,0,0,0,0,0,,0,0,0,0,0,0,0,0,,0,0,0,0,0,1,1,1,1,0,0,0
University of Strathclyde,United Kingdom,Graduate,"engineering, naval architecture, electrical engineering",281,3.2,,6.5,24000,55.0,"Naval Architecture, Renewable Energy, Manufacturing",1,50,4,3,11000,35000,1,0,,0,0,0,0,0,1,0,0,1,0,0,0,0,0,1,0,0,0,0,0,0,0,0,0,0,0,0,0,0,0,0,0,,0,0,0,0,0,0,0,0,,0,0,0,0,0,1,1,1,1,1,1,0
Heriot-Watt University,United Kingdom,Graduate,"engineering, petroleum engineering, civil engineering",281,3.2,,6.0,22000,60.0,"Petroleum, Robotics, Construction",1,50,4,3,11000,33000,1,0,,0,0,0,0,0,1,0,0,1,0,0,0,0,0,1,0,0,0,0,0,0,0,0,0,0,0,0,0,0,0,0,0,,0,0,0,0,0,0,0,0,1.0,0,0,0,0,0,1,1,1,1,0,0,0
Swansea University,United Kingdom,Graduate,"engineering, aerospace engineering, civil engineering",425,3.1,,6.0,21000,65.0,"Materials, Aerospace Structures, Energy",1,50,4,3,10000,31000,1,0,,0,0,0,0,0,1,0,0,1,0,0,0,0,0,1,0,0,0,0,0,0,0,0,0,0,0,0,0,0,0,0,0,,0,0,0,0,0,0,0,0,,0,0,0,0,0,1,1,1,1,1,0,0
University of Aberdeen,United Kingdom,Graduate,"engineering, petroleum engineering, chemical engineering",236,3.2,,6.0,22000,65.0,"Oil & Gas, Subsea Engineering, Chemistry",1,50,4,3,10000,32000,1,0,,0,0,0,0,0,1,0,0,1,0,0,0,0,0,1,0,0,0,0,0,0,0,0,0,0,0,0,0,0,0,0,0,,0,0,0,0,0,0,0,0,,0,0,0,0,0,1,1,1,1,0,0,0
University of Surrey,United Kingdom,Graduate,"engineering, electronic engineering, aerospace engineering",244,3.3,,6.5,24000,52.0,"Space, Satellite, Electronic Engineering",1,50,5,3,12000,36000,1,0,,0,0,0,0,0,1,0,0,1,0,0,0,0,0,1,0,0,0,0,0,0,0,0,0,0,0,0,0,0,0,0,0,,0,0,0,0,0,0,0,0,,0,0,0,0,0,1,1,1,1,1,1,0
Cardiff University,United Kingdom,Graduate,"engineering, civil engineering, mechanical engineering",154,3.3,,6.5,25000,45.0,"Civil, Structural, Water Engineering",1,50,4,3,11000,36000,1,0,,0,0,0,0,0,1,0,0,1,0,0,0,0,0,1,0,0,0,0,0,0,0,0,0,0,0,0,0,0,0,0,0,,0,0,0,0,0,0,0,0,,0,0,0,0,0,1,1,1,0,0,0,0
Cranfield University,United Kingdom,Graduate,"aerospace engineering, mechanical engineering, manufacturing",500,3.3,,6.5,26000,40.0,"Aerospace, Defence, Manufacturing",1,50,5,3,12000,38000,1,0,,0,0,0,0,0,1,0,0,1,0,0,0,0,0,1,0,0,0,0,0,0,0,0,0,0,0,0,0,0,0,0,0,,0,0,0,0,0,0,0,0,,0,0,0,0,0,1,0,0,0,1,0,1
University of Dundee,United Kingdom,Graduate,"engineering, civil engineering, biomedical engineering",350,3.1,,6.0,21000,65.0,"Civil, Biomedical, Renewable Energy",1,50,4,3,10000,31000,1,0,,0,0,0,0,0,0,0,0,1,0,0,0,0,0,1,0,0,0,0,0,0,0,0,0,0,0,0,0,0,0,0,0,,0,0,0,0,0,0,0,0,,0,0,0,0,0,1,1,1,0,0,1,0
Queen's University Belfast,United Kingdom,Graduate,"engineering, electrical engineering, civil engineering",202,3.2,,6.0,22000,55.0,"Electronics, Structural, Cybersecurity",1,50,4,3,9000,31000,1,0,,0,0,0,0,0,1,0,0,1,0,0,0,0,0,1,0,0,0,0,0,0,0,0,0,0,0,0,0,0,0,0,0,,0,0,0,0,0,0,0,0,,0,0,0,0,0,1,1,1,1,1,0,0
Brunel University London,United Kingdom,Graduate,"engineering, aerospace engineering, mechanical engineering",343,3.1,,6.0,20000,62.0,"Design, Manufacturing, Aerospace",1,50,3,3,14000,34000,1,0,,0,0,0,0,0,1,0,0,1,0,0,0,0,0,1,0,0,0,0,0,0,0,0,0,0,0,0,0,0,0,0,0,,0,0,0,0,0,0,0,0,,0,0,0,0,0,1,1,1,0,1,1,0
Aston University,United Kingdom,Graduate,"engineering, chemical engineering, electrical engineering",446,3.1,,6.0,19000,70.0,"Chemical, Electrical, Photonics",1,50,3,3,11000,30000,1,0,,0,0,0,0,0,1,0,0,1,0,0,0,0,0,1,0,0,0,0,0,0,0,0,0,0,0,0,0,0,0,0,0,,0,0,0,0,0,0,0,0,,0,0,0,0,0,1,1,0,1,0,0,0
University of Portsmouth,United Kingdom,Graduate,"engineering, civil engineering, mechanical engineering",500,3.0,,6.0,18000,72.0,"Civil, Mechanical, Electronic",1,25,3,3,10000,28000,1,0,,0,0,0,0,0,1,0,0,1,0,0,0,0,0,1,0,0,0,0,0,0,0,0,0,0,0,0,0,0,0,0,0,,0,0,0,0,0,0,0,0,,0,0,0,0,0,1,1,1,0,0,0,0
Queen's University,Canada,Graduate,"engineering, mining engineering, chemical engineering",209,3.3,,6.5,25000,42.0,"Mining, Chemical, Electrical",1,50,5,4,12000,37000,1,0,,0,0,0,0,0,1,0,0,1,0,0,0,0,0,1,0,0,0,0,0,0,0,0,0,0,0,0,0,0,0,0,0,,0,0,0,0,0,0,0,0,,0,0,0,0,0,1,1,1,1,0,0,0
Dalhousie University,Canada,Graduate,"engineering, civil engineering, electrical engineering",298,3.2,,6.5,22000,55.0,"Ocean, Environmental, Biomedical",1,50,4,3,11000,33000,1,0,,0,0,0,0,0,1,0,0,1,0,0,0,0,0,1,0,0,0,0,0,0,0,0,0,0,0,0,0,0,0,0,0,,0,0,0,0,0,0,0,0,,0,0,0,0,0,1,1,1,1,0,1,1
University of Victoria,Canada,Graduate,"engineering, mechanical engineering, electrical engineering",322,3.2,,6.5,21000,58.0,"Clean Energy, Ocean Technology, Software",1,50,4,3,13000,34000,1,0,,0,0,0,0,0,1,0,0,1,0,0,0,0,0,1,0,0,0,0,0,0,0,0,0,0,0,0,0,0,0,0,0,,0,0,0,0,0,0,0,0,,0,0,0,0,0,1,1,1,0,0,1,0
University of Manitoba,Canada,Graduate,"engineering, civil engineering, electrical engineering",500,3.1,,6.5,16000,70.0,"Structural, Biosystems, Electrical",1,50,3,3,10000,26000,1,0,,0,0,0,0,0,1,0,0,1,0,0,0,0,0,1,0,0,0,0,0,0,0,0,0,0,0,0,0,0,0,0,0,,0,0,0,0,0,0,0,0,,0,0,0,0,0,1,1,1,0,0,1,0
University of Saskatchewan,Canada,Graduate,"engineering, chemical engineering, civil engineering",460,3.1,,6.5,15000,72.0,"Mining, Environmental, Petroleum",1,50,4,3,10000,25000,1,0,,0,0,0,0,0,1,0,0,1,0,0,0,0,0,1,0,0,0,0,0,0,0,0,0,0,0,0,0,0,0,0,0,,0,0,0,0,0,0,0,0,,0,0,0,0,0,1,1,1,1,0,1,0
Western University,Canada,Graduate,"engineering, chemical engineering, mechanical engineering",172,3.3,,6.5,24000,48.0,"Biomedical, Chemical, Wind Energy",1,50,5,4,11000,35000,1,0,,0,0,0,0,0,1,0,0,1,0,0,0,0,0,1,0,0,0,0,0,0,0,0,0,0,0,0,0,0,0,0,0,,0,0,0,0,0,0,0,0,,0,0,0,0,0,1,1,1,1,0,1,0
Concordia University,Canada,Graduate,"engineering, aerospace engineering, civil engineering",387,3.1,,6.5,20000,65.0,"Aerospace, Building Engineering, Software",1,50,4,3,13000,33000,1,0,,0,0,0,0,0,1,0,0,1,0,0,0,0,0,1,0,0,0,0,0,0,0,0,0,0,0,0,0,0,0,0,0,,0,0,0,0,0,0,0,0,,0,0,0,0,0,1,1,1,0,1,0,1
York University,Canada,Graduate,"engineering, civil engineering, electrical engineering",353,3.2,,6.5,22000,58.0,"Space, Civil, Software",1,50,3,3,14000,36000,1,0,,0,0,0,0,0,1,0,0,1,0,0,0,0,0,1,0,0,0,0,0,0,0,0,0,0,0,0,0,0,0,0,0,,0,0,0,0,0,0,0,0,,0,0,0,0,0,1,1,1,0,0,0,0
Carleton University,Canada,Graduate,"engineering, aerospace engineering, electrical engineering",441,3.2,,6.5,23000,60.0,"Aerospace, Sustainable Building, Electronics",1,50,4,3,12000,35000,1,0,,0,0,0,0,0,1,0,0,1,0,0,0,0,0,1,0,0,0,0,0,0,0,0,0,0,0,0,0,0,0,0,0,,0,0,0,0,0,0,0,0,,0,0,0,0,0,1,1,1,0,1,1,0
University of Guelph,Canada,Graduate,"engineering, environmental engineering, biological engineering",400,3.2,,6.5,20000,62.0,"Biological, Environmental, Water Resources",1,50,4,3,12000,32000,1,0,,0,0,0,0,0,0,0,0,1,0,0,0,0,0,1,0,0,0,0,0,0,0,0,0,0,0,0,0,0,0,0,0,,0,0,0,0,0,0,0,0,,0,0,0,0,0,1,0,1,0,0,1,0
University of Windsor,Canada,Graduate,"engineering, mechanical engineering, electrical engineering",500,3.0,,6.5,18000,75.0,"Automotive, Mechanical, Environmental",1,50,3,3,10000,28000,1,0,,0,0,0,0,0,1,0,0,1,0,0,0,0,0,1,0,0,0,0,0,0,0,0,0,0,0,0,0,0,0,0,0,,0,0,0,0,0,0,0,0,,0,0,0,0,0,1,1,1,0,0,0,1
Memorial University of Newfoundland,Canada,Graduate,"engineering, civil engineering, mechanical engineering",500,3.0,,6.5,12000,78.0,"Ocean, Oil & Gas, Cold Regions",1,50,4,3,10000,22000,1,0,,0,0,0,0,0,1,0,0,1,0,0,0,0,0,1,0,0,0,0,0,0,0,0,0,0,0,0,0,0,0,0,0,,0,0,0,0,0,0,0,0,,0,0,0,0,0,1,1,1,0,0,0,0
University of New Brunswick,Canada,Graduate,"engineering, civil engineering, electrical engineering",500,3.0,,6.5,14000,75.0,"Geodesy, Civil, Electrical",1,50,3,3,10000,24000,1,0,,0,0,0,0,0,0,0,0,1,0,0,0,0,0,1,0,0,0,0,0,0,0,0,0,0,0,0,0,0,0,0,0,,0,0,0,0,0,0,0,0,,0,0,0,0,0,1,1,1,1,0,0,0
Toronto Metropolitan University,Canada,Graduate,"engineering, civil engineering, aerospace engineering",470,3.1,,6.5,24000,55.0,"Urban Engineering, Aerospace, Electrical",1,50,3,3,14000,38000,1,0,,0,0,0,0,0,1,0,0,1,0,0,0,0,0,1,0,0,0,0,0,0,0,0,0,0,0,0,0,0,0,0,0,,0,0,0,0,0,0,0,0,,0,0,0,0,0,1,1,1,1,1,1,0
Laval University,Canada,Graduate,"engineering, electrical engineering, civil engineering",420,3.1,,6.5,14000,65.0,"Optics, Geotechnical, Software",1,50,4,3,11000,25000,1,0,,0,0,0,0,0,1,0,0,1,0,0,0,0,0,1,0,0,0,0,0,0,0,0,0,0,0,0,0,0,0,0,0,,0,0,0,0,0,0,0,0,,0,0,0,0,0,1,1,1,1,0,0,0
RMIT University,Australia,Graduate,"engineering, aerospace engineering, mechanical engineering",123,3.2,,6.5,32000,55.0,"Aerospace, Manufacturing, Sustainable Systems",1,50,4,3,15000,47000,1,0,,0,0,0,0,0,1,0,0,1,0,0,0,0,0,1,0,0,0,0,0,0,0,0,0,0,0,0,0,0,0,0,0,,0,0,0,0,0,0,0,0,,0,0,0,0,0,1,1,1,1,1,1,0
University of Newcastle Australia,Australia,Graduate,"engineering, chemical engineering, civil engineering",173,3.2,,6.5,30000,60.0,"Chemical, Environmental, Clean Energy",1,50,4,3,12000,42000,1,0,,0,0,0,0,0,1,0,0,1,0,0,0,0,0,1,0,0,0,0,0,0,0,0,0,0,0,0,0,0,0,0,0,,0,0,0,0,0,0,0,0,,0,0,0,0,0,1,1,1,1,0,1,0
Curtin University,Australia,Graduate,"engineering, mining engineering, chemical engineering",174,3.1,,6.5,31000,62.0,"Mining, Petroleum, Metallurgy",1,50,4,3,13000,44000,1,0,,0,0,0,0,0,1,0,0,1,0,0,0,0,0,1,0,0,0,0,0,0,0,0,0,0,0,0,0,0,0,0,0,,0,0,0,0,0,0,0,0,,0,0,0,0,0,1,1,1,1,0,0,0
Queensland University of Technology,Australia,Graduate,"engineering, civil engineering, electrical engineering",189,3.2,,6.5,31000,58.0,"Robotics, Civil, Biomedical",1,50,4,4,13000,44000,1,0,,0,0,0,0,0,1,0,0,1,0,0,0,0,0,1,0,0,0,0,0,0,0,0,0,0,0,0,0,0,0,0,0,,0,0,0,0,0,0,0,0,1.0,0,0,0,0,0,1,1,1,1,0,1,0
Deakin University,Australia,Graduate,"engineering, mechanical engineering, civil engineering",233,3.1,,6.0,29000,65.0,"Advanced Materials, Renewable Energy",1,50,3,3,13000,42000,1,0,,0,0,0,0,0,1,0,0,1,0,0,0,0,0,1,0,0,0,0,0,0,0,0,0,0,0,0,0,0,0,0,0,,0,0,0,0,0,0,0,0,,0,0,0,0,0,1,1,1,0,0,0,0
University of Wollongong,Australia,Graduate,"engineering, civil engineering, mechanical engineering",162,3.2,,6.5,30000,55.0,"Materials, Civil, Superconductors",1,50,4,3,12000,42000,1,0,,0,0,0,0,0,1,0,0,1,0,0,0,0,0,1,0,0,0,0,0,0,0,0,0,0,0,0,0,0,0,0,0,,0,0,0,0,0,0,0,0,,0,0,0,0,0,1,1,1,0,0,1,0
Griffith University,Australia,Graduate,"engineering, civil engineering, electronic engineering",243,3.1,,6.5,28000,68.0,"Environmental, Electronic, Water",1,50,3,3,12000,40000,1,0,,0,0,0,0,0,1,0,0,1,0,0,0,0,0,1,0,0,0,0,0,0,0,0,0,0,0,0,0,0,0,0,0,,0,0,0,0,0,0,0,0,,0,0,0,0,0,1,1,1,0,0,0,0
University of South Australia,Australia,Graduate,"engineering, mechanical engineering, electrical engineering",326,3.1,,6.0,28000,70.0,"Defence, Mining, Autonomous Systems",1,50,3,3,11000,39000,1,0,,0,0,0,0,0,1,0,0,1,0,0,0,0,0,1,0,0,0,0,0,0,0,0,0,0,0,0,0,0,0,0,0,,0,0,0,0,0,0,0,0,,0,0,0,0,0,1,1,1,0,0,0,0
University of Tasmania,Australia,Graduate,"engineering, civil engineering, electronic engineering",307,3.1,,6.0,27000,72.0,"Marine, Environmental, Renewable Energy",1,50,4,3,10000,37000,1,0,,0,0,0,0,0,1,0,0,1,0,0,0,0,0,1,0,0,0,0,0,0,0,0,0,0,0,0,0,0,0,0,0,,0,0,0,0,0,0,0,0,,0,0,0,0,0,1,1,1,0,0,0,0
Swinburne University of Technology,Australia,Graduate,"engineering, mechanical engineering, civil engineering",285,3.1,,6.5,30000,65.0,"Manufacturing, Astrophysics, Smart Structures",1,50,3,3,14000,44000,1,0,,0,0,0,0,0,1,0,0,1,0,0,0,0,0,1,0,0,0,0,0,0,0,0,0,0,0,0,0,0,0,0,0,,0,0,0,0,0,0,0,0,,0,0,0,0,0,1,1,1,0,0,0,0
La Trobe University,Australia,Graduate,"engineering, civil engineering",362,3.0,,6.0,27000,72.0,"Biomedical, Civil, IT",1,50,3,3,13000,40000,1,0,,0,0,0,0,0,1,0,0,1,0,0,0,0,0,1,0,0,0,0,0,0,0,0,0,0,0,0,0,0,0,0,0,,0,0,0,0,0,0,0,0,,0,0,0,0,0,0,1,1,0,0,1,0
Western Sydney University,Australia,Graduate,"engineering, civil engineering, mechanical engineering",468,3.0,,6.0,26000,75.0,"Construction, Renewable Energy",1,25,3,3,14000,40000,1,0,,0,0,0,0,0,1,0,0,1,0,0,0,0,0,1,0,0,0,0,0,0,0,0,0,0,0,0,0,0,0,0,0,,0,0,0,0,0,0,0,0,,0,0,0,0,0,1,1,1,0,0,0,0
University of Stuttgart,Germany,Graduate,"engineering, aerospace engineering, mechanical engineering",285,3.3,,6.5,3000,40.0,"Automotive, Aerospace, Computational",1,50,5,3,12000,15000,1,0,,0,0,0,0,0,0,0,0,1,0,0,0,0,0,1,0,0,0,0,0,0,0,0,0,0,0,0,0,0,0,0,0,,0,0,0,0,0,0,0,0,,0,0,0,0,0,1,1,1,1,1,0,1
TU Darmstadt,Germany,Graduate,"engineering, electrical engineering, mechanical engineering",246,3.3,,6.5,3000,35.0,"Electrical, Mechanical, Computer Science",1,50,5,3,12000,15000,1,0,,0,0,0,0,0,1,0,0,1,0,0,0,0,0,1,0,0,0,0,0,0,0,0,0,0,0,0,0,0,0,0,0,,0,0,0,0,0,0,0,0,,0,0,0,0,0,1,1,1,1,0,0,0
TU Braunschweig,Germany,Graduate,"engineering, aerospace engineering, mechanical engineering",400,3.2,,6.0,2000,50.0,"Automotive, Aerospace, Pharmaceutical",1,50,5,3,10000,12000,1,0,,0,0,0,0,0,0,0,0,1,0,0,0,0,0,1,0,0,0,0,0,0,0,0,0,0,0,0,0,0,0,0,0,,0,0,0,0,0,0,0,0,,0,0,0,0,0,1,1,1,0,1,0,0
Leibniz University Hannover,Germany,Graduate,"engineering, mechanical engineering, electrical engineering",350,3.2,,6.0,2500,45.0,"Geodesy, Manufacturing, Optics",1,50,5,3,11000,13500,1,0,,0,0,0,0,0,1,0,0,1,0,0,0,0,0,1,0,0,0,0,0,0,0,0,0,0,0,0,0,0,0,0,0,,0,0,0,0,0,0,0,0,,0,0,0,0,0,1,1,1,1,0,0,0
University of Erlangen-Nuremberg,Germany,Graduate,"engineering, mechanical engineering, chemical engineering",232,3.3,,6.5,2500,38.0,"Materials, Photonics, Medical Engineering",1,50,5,3,11000,13500,1,0,,0,0,0,0,0,1,0,0,1,0,0,0,0,0,1,0,0,0,0,0,0,0,0,0,0,0,0,0,0,0,0,0,,0,0,0,0,0,0,0,0,,0,0,0,0,0,1,1,0,1,0,1,0
University of Duisburg-Essen,Germany,Graduate,"engineering, mechanical engineering, electrical engineering",400,3.1,,6.0,2000,55.0,"Nanotechnology, Water, Energy",1,50,4,3,10000,12000,1,0,,0,0,0,0,0,1,0,0,1,0,0,0,0,0,1,0,0,0,0,0,0,0,0,0,0,0,0,0,0,0,0,0,,0,0,0,0,0,0,0,0,,0,0,0,0,0,1,1,1,0,0,0,1
TU Kaiserslautern,Germany,Graduate,"engineering, mechanical engineering, electrical engineering",450,3.1,,6.0,2000,55.0,"Mechanical, Electrical, Software",1,50,4,3,9000,11000,1,0,,0,0,0,0,0,0,0,0,1,0,0,0,0,0,1,0,0,0,0,0,0,0,0,0,0,0,0,0,0,0,0,0,,0,0,0,0,0,0,0,0,,0,0,0,0,0,1,1,1,1,0,0,0
University of Rostock,Germany,Graduate,"engineering, mechanical engineering, electrical engineering",500,3.0,,6.0,1500,65.0,"Maritime, Aerospace, Mechanical",1,50,3,3,9000,10500,1,0,,0,0,0,0,0,0,0,0,1,0,0,0,0,0,1,0,0,0,0,0,0,0,0,0,0,0,0,0,0,0,0,0,,0,0,0,0,0,0,0,0,,0,0,0,0,0,1,1,0,0,1,0,0
Brandenburg University of Technology,Germany,Graduate,"engineering, civil engineering, environmental engineering",500,3.0,,6.0,1500,70.0,"Energy, Environmental, Civil",1,50,3,3,8500,10000,1,0,,0,0,0,0,0,0,0,0,1,0,0,0,0,0,1,0,0,0,0,0,0,0,0,0,0,0,0,0,0,0,0,0,,0,0,0,0,0,0,0,0,,0,0,0,0,0,1,1,1,0,0,0,0
University of Siegen,Germany,Graduate,"engineering, mechanical engineering, electrical engineering",500,3.0,,6.0,1500,65.0,"Electrical, Mechanical, Materials",1,50,3,3,9000,10500,1,0,,0,0,0,0,0,0,0,0,1,0,0,0,0,0,1,0,0,0,0,0,0,0,0,0,0,0,0,0,0,0,0,0,,0,0,0,0,0,0,0,0,,0,0,0,0,0,1,1,1,0,0,0,0
Otto von Guericke University Magdeburg,Germany,Graduate,"engineering, mechanical engineering, chemical engineering",500,3.1,,6.0,2000,60.0,"Mechanical, Chemical, Process Engineering",1,50,4,3,8500,10500,1,0,,0,0,0,0,0,1,0,0,1,0,0,0,0,0,1,0,0,0,0,0,0,0,0,0,0,0,0,0,0,0,0,0,,0,0,0,0,0,0,0,0,,0,0,0,0,0,1,1,0,1,0,0,1
University of Bayreuth,Germany,Graduate,"engineering, materials engineering",450,3.1,,6.0,2000,55.0,"Materials, Energy, Polymer",1,50,4,3,9000,11000,1,0,,0,0,0,0,0,1,0,0,1,0,0,0,0,0,1,0,0,0,0,0,0,0,0,0,0,0,0,0,0,0,0,0,,0,0,0,0,0,0,0,0,,0,0,0,0,0,1,0,0,1,0,0,0
University of Hawaii at Manoa,United States,Graduate,"engineering, civil engineering, electrical engineering",500,3.1,310.0,6.0,25000,72.0,"Ocean, Renewable Energy, Seismic",1,50,4,3,15000,40000,1,0,,0,0,0,0,0,1,0,0,1,0,0,0,0,0,1,0,0,0,0,0,0,0,0,0,0,0,0,0,0,0,0,0,,0,0,0,0,0,0,0,0,,0,0,0,0,0,1,1,1,0,0,0,0
University of Idaho,United States,Graduate,"engineering, civil engineering, mechanical engineering",500,3.0,310.0,6.0,18000,78.0,"Nuclear, Materials, Civil",1,50,3,3,9000,27000,1,0,,0,0,0,0,0,1,0,0,1,0,0,0,0,0,1,0,0,0,0,0,0,0,0,0,0,0,0,0,0,0,0,0,,0,0,0,0,0,0,0,0,,0,0,0,0,0,1,1,1,1,0,0,0
University of Wyoming,United States,Graduate,"engineering, petroleum engineering, chemical engineering",500,3.0,310.0,6.0,17000,82.0,"Petroleum, Chemical, Atmospheric",1,50,3,3,9000,26000,1,0,,0,0,0,0,0,0,0,0,1,0,0,0,0,0,1,0,0,0,0,0,0,0,0,0,0,0,0,0,0,0,0,0,,0,0,0,0,0,0,0,0,,0,0,0,0,0,1,1,1,1,0,0,0
Montana State University,United States,Graduate,"engineering, civil engineering, mechanical engineering",500,3.0,310.0,6.0,19000,80.0,"Civil, Mechanical, Biofilm",1,50,3,3,10000,29000,1,0,,0,0,0,0,0,0,0,0,1,0,0,0,0,0,1,0,0,0,0,0,0,0,0,0,0,0,0,0,0,0,0,0,,0,0,0,0,0,0,0,0,,0,0,0,0,0,1,1,1,1,0,0,0
University of Nevada Reno,United States,Graduate,"engineering, civil engineering, mining engineering",500,3.1,310.0,6.0,21000,80.0,"Earthquake, Mining, Civil",1,50,4,3,12000,33000,1,0,,0,0,0,0,0,1,0,0,1,0,0,0,0,0,1,0,0,0,0,0,0,0,0,0,0,0,0,0,0,0,0,0,,0,0,0,0,0,0,0,0,,0,0,0,0,0,1,1,1,1,0,1,0
San Diego State University,United States,Graduate,"engineering, civil engineering, aerospace engineering",500,3.2,310.0,6.5,20000,38.0,"Structural, Aerospace, Environmental",1,50,3,3,14000,34000,1,0,,0,0,0,0,0,1,0,0,1,0,0,0,0,0,1,0,0,0,0,0,0,0,0,0,0,0,0,0,0,0,0,0,,0,0,0,0,0,0,0,0,,0,0,0,0,0,1,1,1,0,1,1,0
San Jose State University,United States,Graduate,"engineering, electrical engineering, mechanical engineering",500,3.1,310.0,6.5,19000,55.0,"Software, Electrical, Materials",1,25,3,3,16000,35000,1,0,,0,0,0,0,0,1,0,0,1,0,0,0,0,0,1,0,0,0,0,0,0,0,0,0,0,0,0,0,0,0,0,0,,0,0,0,0,0,0,0,0,,0,0,0,0,0,1,1,1,1,1,1,1
University of Texas Dallas,United States,Graduate,"engineering, electrical engineering, mechanical engineering",370,3.2,312.0,6.5,26000,50.0,"Telecom, Semiconductors, Biomedical",1,50,4,3,12000,38000,1,0,,0,0,0,0,0,1,0,0,1,0,0,0,0,0,1,0,0,0,0,0,0,0,0,0,0,0,0,0,0,0,0,0,,0,0,0,0,0,0,0,0,,0,0,0,0,0,1,1,0,0,0,1,0
University of Texas Arlington,United States,Graduate,"engineering, aerospace engineering, civil engineering",500,3.1,310.0,6.0,22000,70.0,"Aerospace, Civil, Mechanical",1,50,3,3,11000,33000,1,0,,0,0,0,0,0,1,0,0,1,0,0,0,0,0,1,0,0,0,0,0,0,0,0,0,0,0,0,0,0,0,0,0,,0,0,0,0,0,0,0,0,,0,0,0,0,0,1,1,1,0,1,1,1
University of Illinois Chicago,United States,Graduate,"engineering, biomedical engineering, civil engineering",280,3.3,312.0,6.5,27000,58.0,"Bioengineering, Civil, Electrical",1,50,4,3,14000,41000,1,0,,0,0,0,0,0,1,0,0,1,0,0,0,0,0,1,0,0,0,0,0,0,0,0,0,0,0,0,0,0,0,0,0,,0,0,0,0,0,0,0,0,,0,0,0,0,0,1,1,1,1,0,1,1
Wayne State University,United States,Graduate,"engineering, mechanical engineering, electrical engineering",500,3.1,310.0,6.0,24000,72.0,"Automotive, Biomedical, Industrial",1,50,4,3,12000,36000,1,0,,0,0,0,0,0,1,0,0,1,0,0,0,0,0,1,0,0,0,0,0,0,0,0,0,0,0,0,0,0,0,0,0,,0,0,0,0,0,0,0,0,,0,0,0,0,0,1,1,1,1,0,1,1
University of Dayton,United States,Graduate,"engineering, aerospace engineering, mechanical engineering",500,3.1,310.0,6.0,28000,74.0,"Aerospace, Materials, Renewable Energy",1,50,4,3,10000,38000,1,0,,0,0,0,0,0,1,0,0,1,0,0,0,0,0,1,0,0,0,0,0,0,0,0,0,0,0,0,0,0,0,0,0,,0,0,0,0,0,0,0,0,,0,0,0,0,0,1,1,1,1,1,0,0
Mississippi State University,United States,Graduate,"engineering, aerospace engineering, civil engineering",500,3.0,310.0,6.0,20000,70.0,"Aerospace, Computational, Agriculture",1,50,4,3,9000,29000,1,0,,0,0,0,0,0,1,0,0,1,0,0,0,0,0,1,0,0,0,0,0,0,0,0,0,0,0,0,0,0,0,0,0,,0,0,0,0,0,0,0,0,,0,0,0,0,0,1,1,1,1,1,1,1
Louisiana State University,United States,Graduate,"engineering, petroleum engineering, chemical engineering",410,3.1,310.0,6.5,22000,74.0,"Petroleum, Chemical, Coastal",1,50,4,3,10000,32000,1,0,,0,0,0,0,0,1,0,0,1,0,0,0,0,0,1,0,0,0,0,0,0,0,0,0,0,0,0,0,0,0,0,0,,0,0,0,0,0,0,0,0,,0,0,0,0,0,1,1,1,1,0,1,1
Oklahoma State University,United States,Graduate,"engineering, aerospace engineering, mechanical engineering",500,3.0,310.0,6.0,20000,73.0,"Aerospace, Fire Protection, Industrial",1,50,3,3,10000,30000,1,0,,0,0,0,0,0,1,0,0,1,0,0,0,0,0,1,0,0,0,0,0,0,0,0,0,0,0,0,0,0,0,0,0,,0,0,0,0,0,0,0,0,,0,0,0,0,0,1,1,1,1,1,0,1
Kansas State University,United States,Graduate,"engineering, civil engineering, mechanical engineering, architecture",500,3.0,310.0,6.0,19000,85.0,"Nuclear, Biological, Architectural",1,50,3,3,9000,28000,1,0,1.0,0,0,0,0,0,1,0,0,1,0,0,0,0,0,1,0,0,0,0,0,0,0,0,0,0,0,0,0,0,0,0,0,,0,0,0,0,0,0,0,0,,0,0,0,0,0,1,1,1,1,0,0,1
West Virginia University,United States,Graduate,"engineering, mining engineering, aerospace engineering",500,3.0,310.0,6.0,21000,85.0,"Mining, Aerospace, Petroleum",1,50,3,3,9000,30000,1,0,,0,0,0,0,0,1,0,0,1,0,0,0,0,0,1,0,0,0,0,0,0,0,0,0,0,0,0,0,0,0,0,0,,0,0,0,0,0,0,0,0,,0,0,0,0,0,1,1,1,1,1,0,1
New Mexico State University,United States,Graduate,"engineering, aerospace engineering, civil engineering",500,3.0,310.0,6.0,18000,78.0,"Aerospace, Chemical, Civil",1,50,3,3,10000,28000,1,0,,0,0,0,0,0,1,0,0,1,0,0,0,0,0,1,0,0,0,0,0,0,0,0,0,0,0,0,0,0,0,0,0,,0,0,0,0,0,0,0,0,,0,0,0,0,0,1,1,1,1,1,0,1
University of Tulsa,United States,Graduate,"engineering, petroleum engineering, chemical engineering",500,3.2,310.0,6.5,32000,60.0,"Petroleum, Chemical, Cybersecurity",1,75,4,3,10000,42000,1,0,,0,0,0,0,0,1,0,0,1,0,0,0,0,0,1,0,0,0,0,0,0,0,0,0,0,0,0,0,0,0,0,0,,0,0,0,0,0,0,0,0,,0,0,0,0,0,1,1,0,1,0,0,0
Marquette University,United States,Graduate,"engineering, biomedical engineering, civil engineering",500,3.2,310.0,6.5,35000,68.0,"Biomedical, Electrical, Civil",1,50,3,3,12000,47000,1,0,,0,0,0,0,0,1,0,0,1,0,0,0,0,0,1,0,0,0,0,0,0,0,0,0,0,0,0,0,0,0,0,0,,0,0,0,0,0,0,0,0,,0,0,0,0,0,1,1,1,0,0,1,0
University of Akron,United States,Graduate,"engineering, chemical engineering, mechanical engineering",500,3.0,310.0,6.0,19000,80.0,"Polymer, Chemical, Corrosion",1,50,4,3,10000,29000,1,0,,0,0,0,0,0,1,0,0,1,0,0,0,0,0,1,0,0,0,0,0,0,0,0,0,0,0,0,0,0,0,0,0,,0,0,0,0,0,0,0,0,,0,0,0,0,0,1,1,1,1,0,1,0
Binghamton University SUNY,United States,Graduate,"engineering, mechanical engineering, biomedical engineering",410,3.2,312.0,6.5,24000,42.0,"Biomedical, Electronics, Systems",1,50,4,3,12000,36000,1,0,,0,0,0,0,0,1,0,0,1,0,0,0,0,0,1,0,0,0,0,0,0,0,0,0,0,0,0,0,0,0,0,0,,0,0,0,0,0,0,0,0,,0,0,0,0,0,1,1,0,0,0,1,1
Colorado School of Mines,United States,Graduate,"engineering, mining engineering, petroleum engineering",350,3.3,315.0,6.5,28000,50.0,"Mining, Petroleum, Metallurgy, Nuclear",1,50,5,3,12000,40000,1,0,,0,0,0,0,0,0,0,0,1,0,0,0,0,0,1,0,0,0,0,0,0,0,0,0,0,0,0,0,0,0,0,0,,0,0,0,0,0,0,0,0,,0,0,0,0,0,1,1,1,1,0,0,0
George Mason University,United States,Graduate,"engineering, electrical engineering, civil engineering",380,3.2,310.0,6.5,30000,55.0,"Cybersecurity, Systems, Bioengineering",1,50,3,3,15000,45000,1,0,,0,0,0,0,0,1,0,0,1,0,0,0,0,0,1,0,0,0,0,0,0,0,0,0,0,0,0,0,0,0,0,0,,0,0,0,0,0,0,0,0,,0,0,0,0,0,1,1,1,0,0,1,0
University of North Texas,United States,Graduate,"engineering, mechanical engineering, electrical engineering",500,3.0,310.0,6.0,19000,73.0,"Materials, Mechanical, Energy",1,50,3,3,11000,30000,1,0,,0,0,0,0,0,1,0,0,1,0,0,0,0,0,1,0,0,0,0,0,0,0,0,0,0,0,0,0,0,0,0,0,,0,0,0,0,0,0,0,0,,0,0,0,0,0,1,1,0,0,0,1,0
Florida International University,United States,Graduate,"engineering, civil engineering, biomedical engineering",410,3.1,310.0,6.5,20000,58.0,"Infrastructure, Biomedical, Construction",1,50,4,3,13000,33000,1,0,,0,0,0,0,0,1,0,0,1,0,0,0,0,0,1,0,0,0,0,0,0,0,0,0,0,0,0,0,0,0,0,0,,0,0,0,0,0,0,0,0,,0,0,0,0,0,1,1,1,0,0,1,1
Wichita State University,United States,Graduate,"engineering, aerospace engineering, mechanical engineering",500,3.0,310.0,6.0,16000,85.0,"Aerospace, Manufacturing, Composites",1,50,4,3,9000,25000,1,0,,0,0,0,0,0,1,0,0,1,0,0,0,0,0,1,0,0,0,0,0,0,0,0,0,0,0,0,0,0,0,0,0,,0,0,0,0,0,0,0,0,,0,0,0,0,0,1,1,0,0,1,0,1
University of Memphis,United States,Graduate,"engineering, civil engineering, mechanical engineering",500,3.0,310.0,6.0,18000,75.0,"Earthquake, Civil, Electrical",1,50,3,3,10000,28000,1,0,,0,0,0,0,0,1,0,0,1,0,0,0,0,0,1,0,0,0,0,0,0,0,0,0,0,0,0,0,0,0,0,0,,0,0,0,0,0,0,0,0,,0,0,0,0,0,1,1,1,0,0,1,0
Wright State University,United States,Graduate,"engineering, mechanical engineering, electrical engineering",500,3.0,310.0,6.0,17000,85.0,"Aerospace, Human Factors, Renewable",1,50,3,3,10000,27000,1,0,,0,0,0,0,0,1,0,0,1,0,0,0,0,0,1,0,0,0,0,0,0,0,0,0,0,0,0,0,0,0,0,0,,0,0,0,0,0,0,0,0,,0,0,0,0,0,1,1,0,0,0,1,1
University of Texas El Paso,United States,Graduate,"engineering, civil engineering, mechanical engineering",500,3.0,310.0,6.0,15000,85.0,"Metallurgy, Civil, Environmental",1,50,3,3,9000,24000,1,0,,0,0,0,0,0,1,0,0,1,0,0,0,0,0,1,0,0,0,0,0,0,0,0,0,0,0,0,0,0,0,0,0,,0,0,0,0,0,0,0,0,,0,0,0,0,0,1,1,1,0,0,0,1
University of East Anglia,United Kingdom,Graduate,"engineering, environmental engineering",295,3.1,,6.0,20000,65.0,"Environmental, Energy, Computing",1,50,3,3,10000,30000,1,0,,0,0,0,0,0,1,0,0,1,0,0,0,0,0,1,0,0,0,0,0,0,0,0,0,0,0,0,0,0,0,0,0,,0,0,0,0,0,0,0,0,,0,0,0,0,0,1,1,0,0,0,0,0
University of Kent,United Kingdom,Graduate,"engineering, electronic engineering, mechanical engineering",450,3.1,,6.0,20000,68.0,"Electronic, Mechanical, Embedded Systems",1,50,3,3,10000,30000,1,0,,0,0,0,0,0,1,0,0,1,0,0,0,0,0,1,0,0,0,0,0,0,0,0,0,0,0,0,0,0,0,0,0,,0,0,0,0,0,0,0,0,,0,0,0,0,0,1,1,0,0,0,0,0
Northumbria University,United Kingdom,Graduate,"engineering, mechanical engineering, electrical engineering",400,3.0,,6.0,18000,72.0,"Mechanical, Electrical, Renewable",1,25,3,3,10000,28000,1,0,,0,0,0,0,0,1,0,0,1,0,0,0,0,0,1,0,0,0,0,0,0,0,0,0,0,0,0,0,0,0,0,0,,0,0,0,0,0,0,0,0,,0,0,0,0,0,1,1,1,0,0,0,0
City University of London,United Kingdom,Graduate,"engineering, aeronautics, civil engineering",328,3.2,,6.5,24000,55.0,"Aeronautics, Biomedical, Systems",1,50,4,3,15000,39000,1,0,,0,0,0,0,0,1,0,0,1,0,0,0,0,0,1,0,0,0,0,0,0,0,0,0,0,0,0,0,0,0,0,0,,0,0,0,0,0,0,0,0,,0,0,0,0,0,1,1,1,0,1,1,0
University of Huddersfield,United Kingdom,Graduate,"engineering, mechanical engineering, electronic engineering",500,3.0,,6.0,17000,75.0,"Precision Engineering, Computing, Energy",1,25,3,3,9000,26000,1,0,,0,0,0,0,0,1,0,0,1,0,0,0,0,0,1,0,0,0,0,0,0,0,0,0,0,0,0,0,0,0,0,0,,0,0,0,0,0,0,0,0,,0,0,0,0,0,1,1,0,0,0,0,0
University of Hull,United Kingdom,Graduate,"engineering, mechanical engineering, chemical engineering",500,3.0,,6.0,17000,78.0,"Chemical, Energy, Marine",1,25,3,3,9000,26000,1,0,,0,0,0,0,0,1,0,0,1,0,0,0,0,0,1,0,0,0,0,0,0,0,0,0,0,0,0,0,0,0,0,0,,0,0,0,0,0,0,0,0,,0,0,0,0,0,1,1,0,1,0,0,0
University of Plymouth,United Kingdom,Graduate,"engineering, civil engineering, mechanical engineering",500,3.0,,6.0,17000,75.0,"Marine, Civil, Coastal",1,25,3,3,10000,27000,1,0,,0,0,0,0,0,1,0,0,1,0,0,0,0,0,1,0,0,0,0,0,0,0,0,0,0,0,0,0,0,0,0,0,,0,0,0,0,0,0,0,0,,0,0,0,0,0,1,1,1,0,0,0,0
University of Regina,Canada,Graduate,"engineering, petroleum engineering, industrial engineering",500,3.0,,6.5,13000,80.0,"Petroleum, Environmental, Industrial",1,50,3,3,9000,22000,1,0,,0,0,0,0,0,1,0,0,1,0,0,0,0,0,1,0,0,0,0,0,0,0,0,0,0,0,0,0,0,0,0,0,,0,0,0,0,0,0,0,0,,0,0,0,0,0,1,1,0,0,0,0,1
University of Sherbrooke,Canada,Graduate,"engineering, mechanical engineering, electrical engineering",500,3.1,,6.5,14000,60.0,"Robotics, Clean Energy, Microsystems",1,50,4,3,10000,24000,1,0,,0,0,0,0,0,1,0,0,1,0,0,0,0,0,1,0,0,0,0,0,0,0,0,0,0,0,0,0,0,0,0,0,,0,0,0,0,0,0,0,0,1.0,0,0,0,0,0,1,1,1,1,0,0,0
University of Lethbridge,Canada,Graduate,"engineering, biosystems engineering",500,3.0,,6.5,12000,80.0,"Biosystems, Water, Alternative Energy",1,50,3,3,9000,21000,1,0,,0,0,0,0,0,1,0,0,1,0,0,0,0,0,1,0,0,0,0,0,0,0,0,0,0,0,0,0,0,0,0,0,,0,0,0,0,0,0,0,0,,0,0,0,0,0,0,0,0,0,0,0,0
Lakehead University,Canada,Graduate,"engineering, civil engineering, electrical engineering",500,3.0,,6.5,14000,78.0,"Civil, Electrical, Software",1,50,3,3,9000,23000,1,0,,0,0,0,0,0,0,0,0,1,0,0,0,0,0,1,0,0,0,0,0,0,0,0,0,0,0,0,0,0,0,0,0,,0,0,0,0,0,0,0,0,,0,0,0,0,0,1,1,1,1,0,0,0
Ecole de Technologie Superieure,Canada,Graduate,"engineering, mechanical engineering, electrical engineering, aerospace engineering",480,3.1,,6.5,15000,55.0,"Manufacturing, Aerospace, Construction",1,50,4,4,12000,27000,1,0,,0,0,0,0,0,0,0,0,1,0,0,0,0,0,1,0,0,0,0,0,0,0,0,0,0,0,0,0,0,0,0,0,,0,0,0,0,0,0,0,0,,0,0,0,0,0,1,1,1,0,1,0,1
Flinders University,Australia,Graduate,"engineering, biomedical engineering, electronic engineering",382,3.0,,6.0,26000,72.0,"Defence, Biomedical, Robotics",1,50,3,3,11000,37000,1,0,,0,0,0,0,0,1,0,0,1,0,0,0,0,0,1,0,0,0,0,0,0,0,0,0,0,0,0,0,0,0,0,0,,0,0,0,0,0,0,0,0,1.0,0,0,0,0,0,1,1,1,0,0,1,0
University of Canberra,Australia,Graduate,"engineering, software engineering",500,3.0,,6.0,25000,75.0,"Environmental, Software, Network",1,25,3,3,13000,38000,1,0,,0,0,0,0,0,1,0,0,1,0,0,0,0,0,1,0,0,0,0,0,0,0,0,0,0,0,0,0,0,0,0,0,,0,0,0,0,0,0,0,0,,0,0,0,0,0,0,0,0,0,0,0,0
Charles Darwin University,Australia,Graduate,"engineering, civil engineering, electrical engineering",500,3.0,,6.0,24000,80.0,"Civil, Environmental, Renewable",1,25,3,3,12000,36000,1,0,,0,0,0,0,0,0,0,0,1,0,0,0,0,0,1,0,0,0,0,0,0,0,0,0,0,0,0,0,0,0,0,0,,0,0,0,0,0,0,0,0,,0,0,0,0,0,1,1,1,0,0,0,0
James Cook University,Australia,Graduate,"engineering, civil engineering, electrical engineering",415,3.0,,6.0,27000,68.0,"Marine, Tropical, Environmental",1,50,3,3,11000,38000,1,0,,0,0,0,0,0,1,0,0,1,0,0,0,0,0,1,0,0,0,0,0,0,0,0,0,0,0,0,0,0,0,0,0,,0,0,0,0,0,0,0,0,,0,0,0,0,0,1,1,1,1,0,0,0
Murdoch University,Australia,Graduate,"engineering, electrical engineering",500,3.0,,6.0,25000,75.0,"Renewable Energy, IT, Environmental",1,25,3,3,11000,36000,1,0,,0,0,0,0,0,1,0,0,1,0,0,0,0,0,1,0,0,0,0,0,0,0,0,0,0,0,0,0,0,0,0,0,,0,0,0,0,0,0,0,0,,0,0,0,0,0,0,1,0,0,0,0,1
TU Clausthal,Germany,Graduate,"engineering, mining engineering, chemical engineering",500,3.0,,6.0,1500,70.0,"Mining, Materials, Recycling",1,50,4,3,8500,10000,1,0,,0,0,0,0,0,0,0,0,1,0,0,0,0,0,1,0,0,0,0,0,0,0,0,0,0,0,0,0,0,0,0,0,,0,0,0,0,0,0,0,0,,0,0,0,0,0,1,0,0,1,0,0,0
TU Ilmenau,Germany,Graduate,"engineering, electrical engineering, mechanical engineering",500,3.0,,6.0,1500,68.0,"Precision, Mechatronics, Media",1,50,3,3,8000,9500,1,0,,0,0,0,0,0,0,0,0,1,0,0,0,0,0,1,0,0,0,0,0,0,0,0,0,0,0,0,0,0,0,0,0,,0,0,0,0,0,0,0,0,,0,0,0,0,0,1,1,0,0,0,1,0
University of Paderborn,Germany,Graduate,"engineering, mechanical engineering, electrical engineering",500,3.1,,6.0,2000,60.0,"Lightweight Design, Photonics, IT",1,50,4,3,9000,11000,1,0,,0,0,0,0,0,1,0,0,1,0,0,0,0,0,1,0,0,0,0,0,0,0,0,0,0,0,0,0,0,0,0,0,,0,0,0,0,0,0,0,0,,0,0,0,0,0,1,1,0,1,0,0,0
Hamburg University of Technology,Germany,Graduate,"engineering, mechanical engineering, civil engineering",400,3.2,,6.0,2000,45.0,"Aviation, Maritime, Bioprocess",1,50,5,3,12000,14000,1,0,,0,0,0,0,0,0,0,0,1,0,0,0,0,0,1,0,0,0,0,0,0,0,0,0,0,0,0,0,0,0,0,0,,0,0,0,0,0,0,0,0,,0,0,0,0,0,1,1,1,1,1,1,0
TU Chemnitz,Germany,Graduate,"engineering, mechanical engineering, electrical engineering",500,3.0,,6.0,1500,65.0,"Manufacturing, Materials, Smart Systems",1,50,4,3,8000,9500,1,0,,0,0,0,0,0,0,0,0,1,0,0,0,0,0,1,0,0,0,0,0,0,0,0,0,0,0,0,0,0,0,0,0,,0,0,0,0,0,0,0,0,,0,0,0,0,0,1,1,0,0,0,0,0
TU Bergakademie Freiberg,Germany,Graduate,"engineering, mining engineering, mechanical engineering",500,3.0,,6.0,1500,70.0,"Mining, Metallurgy, Geoscience",1,50,4,3,8000,9500,1,0,,0,0,0,0,0,0,0,0,1,0,0,0,0,0,1,0,0,0,0,0,0,0,0,0,0,0,0,0,0,0,0,0,,0,0,0,0,0,0,0,0,,0,0,0,0,0,1,0,0,1,0,0,0
TU Dortmund,Germany,Graduate,"engineering, chemical engineering, mechanical engineering",400,3.1,,6.0,2000,55.0,"Chemical, Industrial, Logistics",1,50,4,3,10000,12000,1,0,,0,0,0,0,0,1,0,0,1,0,0,0,0,0,1,0,0,0,0,0,0,0,0,0,0,0,0,0,0,0,0,0,,0,0,0,0,0,0,0,0,,0,0,0,0,0,1,1,0,1,0,1,0
University of Kassel,Germany,Graduate,"engineering, mechanical engineering, electrical engineering",500,3.0,,6.0,1500,65.0,"Renewable Energy, Sustainable Engineering",1,50,3,3,9000,10500,1,0,,0,0,0,0,0,0,0,0,1,0,0,0,0,0,1,0,0,0,0,0,0,0,0,0,0,0,0,0,0,0,0,0,,0,0,0,0,0,0,0,0,,0,0,0,0,0,1,1,1,0,0,0,0
University of Wuppertal,Germany,Graduate,"engineering, civil engineering, architecture",500,3.0,,6.0,2000,62.0,"Civil, Safety, Architecture",1,50,3,3,9000,11000,1,0,1.0,0,0,0,0,0,0,0,0,1,0,0,0,0,0,1,0,0,0,0,0,0,0,0,0,0,0,0,0,0,0,0,0,,0,0,0,0,0,0,0,0,,0,0,0,0,0,1,1,1,0,0,0,0
University of Augsburg,Germany,Graduate,"engineering, materials engineering",500,3.1,,6.0,2000,55.0,"Materials, Physics, Environmental",1,50,4,3,10000,12000,1,0,,0,0,0,0,0,1,0,0,1,0,0,0,0,0,1,0,0,0,0,0,0,0,0,0,0,0,0,0,0,0,0,0,,0,0,0,0,0,0,0,0,,0,0,0,0,0,0,0,0,0,0,0,0
University of Alabama,United States,Graduate,"engineering, aerospace engineering, mechanical engineering",470,3.1,310.0,6.5,24000,80.0,"Aerospace, Mechanical Systems",1,50,4,3,10000,34000,1,0,,0,0,0,0,0,1,0,0,1,0,0,0,0,0,1,0,0,0,0,0,0,0,0,0,0,0,0,0,0,0,0,0,,0,0,0,0,0,0,0,0,,0,0,0,0,0,1,1,1,1,1,0,0
University of Arkansas,United States,Graduate,"engineering, industrial engineering, civil engineering",490,3.1,308.0,6.5,22000,78.0,"Transportation, Industrial Systems",1,50,3,3,9000,31000,1,0,,0,0,0,0,0,1,0,0,1,0,0,0,0,0,1,0,0,0,0,0,0,0,0,0,0,0,0,0,0,0,0,0,,0,0,0,0,0,0,0,0,,0,0,0,0,0,1,1,1,1,0,1,1
Mississippi State University,United States,Graduate,"engineering, aerospace engineering, mechanical engineering",500,3.0,305.0,6.0,21000,82.0,"Aerospace, Computational Engineering",1,50,4,3,9000,30000,1,0,,0,0,0,0,0,1,0,0,1,0,0,0,0,0,1,0,0,0,0,0,0,0,0,0,0,0,0,0,0,0,0,0,,0,0,0,0,0,0,0,0,,0,0,0,0,0,1,1,1,1,1,1,1
University of Wyoming,United States,Graduate,"engineering, petroleum engineering, chemical engineering",500,3.0,305.0,6.0,18000,95.0,"Energy, Petroleum, Environmental",1,50,3,3,10000,28000,1,0,,0,0,0,0,0,1,0,0,1,0,0,0,0,0,1,0,0,0,0,0,0,0,0,0,0,0,0,0,0,0,0,0,,0,0,0,0,0,0,0,0,,0,0,0,0,0,1,1,1,1,0,0,0
South Dakota School of Mines,United States,Graduate,"engineering, mining engineering, chemical engineering",500,3.0,305.0,6.0,16000,88.0,"Mining, Materials, Chemical",1,50,3,3,9000,25000,1,0,,0,0,0,0,0,0,0,0,1,0,0,0,0,0,1,0,0,0,0,0,0,0,0,0,0,0,0,0,0,0,0,0,,0,0,0,0,0,0,0,0,,0,0,0,0,0,1,1,1,1,0,0,1
New Mexico State University,United States,Graduate,"engineering, electrical engineering, civil engineering",500,3.0,305.0,6.0,19000,85.0,"Electrical, Water Resources",1,50,3,3,10000,29000,1,0,,0,0,0,0,0,1,0,0,1,0,0,0,0,0,1,0,0,0,0,0,0,0,0,0,0,0,0,0,0,0,0,0,,0,0,0,0,0,0,0,0,,0,0,0,0,0,1,1,1,1,0,0,1
University of Idaho,United States,Graduate,"engineering, electrical engineering, mechanical engineering",500,3.0,305.0,6.0,20000,80.0,"Environmental, Nuclear, Electrical",1,50,3,3,9000,29000,1,0,,0,0,0,0,0,1,0,0,1,0,0,0,0,0,1,0,0,0,0,0,0,0,0,0,0,0,0,0,0,0,0,0,,0,0,0,0,0,0,0,0,,0,0,0,0,0,1,1,1,1,0,0,0
Montana State University,United States,Graduate,"engineering, mechanical engineering, electrical engineering",500,3.0,305.0,6.0,21000,85.0,"Mechanical Systems, Optics",1,50,3,3,10000,31000,1,0,,0,0,0,0,0,0,0,0,1,0,0,0,0,0,1,0,0,0,0,0,0,0,0,0,0,0,0,0,0,0,0,0,,0,0,0,0,0,0,0,0,,0,0,0,0,0,1,1,1,1,0,0,1
Louisiana State University,United States,Graduate,"engineering, petroleum engineering, chemical engineering",450,3.1,308.0,6.5,24000,74.0,"Petroleum, Chemical, Coastal Engineering",1,50,4,3,10000,34000,1,0,,0,0,0,0,0,1,0,0,1,0,0,0,0,0,1,0,0,0,0,0,0,0,0,0,0,0,0,0,0,0,0,0,,0,0,0,0,0,0,0,0,,0,0,0,0,0,1,1,1,1,0,1,1
University of Nevada Reno,United States,Graduate,"engineering, civil engineering, mechanical engineering",500,3.0,305.0,6.0,22000,85.0,"Earthquake Engineering, Mining",1,50,3,3,12000,34000,1,0,,0,0,0,0,0,1,0,0,1,0,0,0,0,0,1,0,0,0,0,0,0,0,0,0,0,0,0,0,0,0,0,0,,0,0,0,0,0,0,0,0,,0,0,0,0,0,1,1,1,1,0,0,0
University of Memphis,United States,Graduate,"engineering, biomedical engineering, civil engineering",500,3.0,305.0,6.0,20000,88.0,"Biomedical, Civil, Electrical",1,50,3,3,10000,30000,1,0,,0,0,0,0,0,1,0,0,1,0,0,0,0,0,1,0,0,0,0,0,0,0,0,0,0,0,0,0,0,0,0,0,,0,0,0,0,0,0,0,0,,0,0,0,0,0,1,1,1,0,0,1,0
Boise State University,United States,Graduate,"engineering, mechanical engineering, electrical engineering",500,3.0,305.0,6.0,21000,82.0,"Materials Science, Computing",1,50,3,3,11000,32000,1,0,,0,0,0,0,0,1,0,0,1,0,0,0,0,0,1,0,0,0,0,0,0,0,0,0,0,0,0,0,0,0,0,0,,0,0,0,0,0,0,0,0,,0,0,0,0,0,1,1,1,0,0,0,0
University of North Dakota,United States,Graduate,"engineering, aerospace engineering, chemical engineering",500,3.0,305.0,6.0,18000,85.0,"Aerospace, Chemical Engineering",1,50,3,3,9000,27000,1,0,,0,0,0,0,0,1,0,0,1,0,0,0,0,0,1,0,0,0,0,0,0,0,0,0,0,0,0,0,0,0,0,0,,0,0,0,0,0,0,0,0,,0,0,0,0,0,1,1,1,1,1,0,0
Wichita State University,United States,Graduate,"engineering, aerospace engineering, industrial engineering",500,3.0,305.0,6.0,18000,92.0,"Aerospace Manufacturing, Industrial",1,50,3,3,9000,27000,1,0,,0,0,0,0,0,1,0,0,1,0,0,0,0,0,1,0,0,0,0,0,0,0,0,0,0,0,0,0,0,0,0,0,,0,0,0,0,0,0,0,0,,0,0,0,0,0,1,1,0,0,1,0,1
Wright State University,United States,Graduate,"engineering, aerospace engineering, biomedical engineering",500,3.0,305.0,6.0,19000,95.0,"Aerospace, Biomedical Engineering",1,50,3,3,10000,29000,1,0,,0,0,0,0,0,1,0,0,1,0,0,0,0,0,1,0,0,0,0,0,0,0,0,0,0,0,0,0,0,0,0,0,,0,0,0,0,0,0,0,0,,0,0,0,0,0,1,1,0,0,1,1,1
University of Toledo,United States,Graduate,"engineering, chemical engineering, biomedical engineering",500,3.0,305.0,6.0,20000,90.0,"Solar Energy, Chemical, Biomedical",1,50,3,3,10000,30000,1,0,,0,0,0,0,0,1,0,0,1,0,0,0,0,0,1,0,0,0,0,0,0,0,0,0,0,0,0,0,0,0,0,0,,0,0,0,0,0,0,0,0,,0,0,0,0,0,1,1,1,1,0,1,0
San Diego State University,United States,Graduate,"engineering, civil engineering, aerospace engineering",450,3.2,310.0,6.5,23000,38.0,"Structural, Aerospace, Environmental",1,50,4,3,15000,38000,1,0,,0,0,0,0,0,1,0,0,1,0,0,0,0,0,1,0,0,0,0,0,0,0,0,0,0,0,0,0,0,0,0,0,,0,0,0,0,0,0,0,0,,0,0,0,0,0,1,1,1,0,1,1,0
Missouri University of Science and Technology,United States,Graduate,"engineering, civil engineering, mining engineering",470,3.1,310.0,6.5,24000,82.0,"Mining, Explosives, Civil Engineering",1,50,4,3,10000,34000,1,0,,0,0,0,0,0,1,0,0,1,0,0,0,0,0,1,0,0,0,0,0,0,0,0,0,0,0,0,0,0,0,0,0,,0,0,0,0,0,0,0,0,,0,0,0,0,0,1,1,1,1,1,0,0
Stevens Institute of Technology,United States,Graduate,"engineering, systems engineering, mechanical engineering",400,3.3,315.0,6.5,42000,45.0,"Systems Engineering, AI, Maritime",1,50,4,4,16000,58000,1,0,,0,0,0,0,0,1,0,0,1,0,0,0,0,0,1,0,0,0,0,0,0,0,0,0,0,0,0,0,0,0,0,0,,0,0,0,0,0,0,0,0,,0,0,0,0,0,1,1,1,1,0,1,0
Embry-Riddle Aeronautical University,United States,Graduate,"engineering, aerospace engineering, mechanical engineering",500,3.1,310.0,6.5,36000,65.0,"Aerospace, Aviation, Mechanical",1,50,4,3,12000,48000,1,0,,0,0,0,0,0,0,0,0,1,0,0,0,0,0,1,0,0,0,0,0,0,0,0,0,0,0,0,0,0,0,0,0,,0,0,0,0,0,0,0,0,,0,0,0,0,0,1,1,0,0,1,0,0
Florida International University,United States,Graduate,"engineering, civil engineering, biomedical engineering",450,3.1,308.0,6.5,22000,58.0,"Civil, Biomedical, Environmental",1,50,4,3,14000,36000,1,0,,0,0,0,0,0,1,0,0,1,0,0,0,0,0,1,0,0,0,0,0,0,0,0,0,0,0,0,0,0,0,0,0,,0,0,0,0,0,0,0,0,,0,0,0,0,0,1,1,1,0,0,1,1
University of Central Florida,United States,Graduate,"engineering, aerospace engineering, electrical engineering",440,3.2,310.0,6.5,23000,44.0,"Optics, Simulation, Aerospace",1,50,4,3,13000,36000,1,0,,0,0,0,0,0,1,0,0,1,0,0,0,0,0,1,0,0,0,0,0,0,0,0,0,0,0,0,0,0,0,0,0,,0,0,0,0,0,0,0,0,,0,0,0,0,0,1,1,1,0,1,0,1
Wayne State University,United States,Graduate,"engineering, mechanical engineering, biomedical engineering",480,3.1,308.0,6.5,25000,75.0,"Automotive, Biomedical, Chemical",1,50,4,3,12000,37000,1,0,,0,0,0,0,0,1,0,0,1,0,0,0,0,0,1,0,0,0,0,0,0,0,0,0,0,0,0,0,0,0,0,0,,0,0,0,0,0,0,0,0,,0,0,0,0,0,1,1,1,1,0,1,1
University of Alabama at Birmingham,United States,Graduate,"engineering, biomedical engineering, civil engineering",490,3.1,308.0,6.5,22000,82.0,"Biomedical, Materials, Civil",1,50,4,3,10000,32000,1,0,,0,0,0,0,0,1,0,0,1,0,0,0,0,0,1,0,0,0,0,0,0,0,0,0,0,0,0,0,0,0,0,0,,0,0,0,0,0,0,0,0,,0,0,0,0,0,1,1,1,0,0,1,0
West Virginia University,United States,Graduate,"engineering, mining engineering, aerospace engineering",500,3.0,305.0,6.0,22000,85.0,"Mining, Aerospace, Industrial",1,50,3,3,9000,31000,1,0,,0,0,0,0,0,1,0,0,1,0,0,0,0,0,1,0,0,0,0,0,0,0,0,0,0,0,0,0,0,0,0,0,,0,0,0,0,0,0,0,0,,0,0,0,0,0,1,1,1,1,1,0,1
University of Vermont,United States,Graduate,"engineering, biomedical engineering, civil engineering",490,3.2,310.0,6.5,35000,65.0,"Biomedical, Environmental, Sustainable Systems",1,50,3,3,13000,48000,1,0,,0,0,0,0,0,1,0,0,1,0,0,0,0,0,1,0,0,0,0,0,0,0,0,0,0,0,0,0,0,0,0,0,,0,0,0,0,0,0,0,0,,0,0,0,0,0,1,1,1,0,0,1,0
University of Tulsa,United States,Graduate,"engineering, petroleum engineering, chemical engineering",500,3.1,310.0,6.5,32000,70.0,"Petroleum, Chemical, Mechanical",1,60,3,3,10000,42000,1,0,,0,0,0,0,0,1,0,0,1,0,0,0,0,0,1,0,0,0,0,0,0,0,0,0,0,0,0,0,0,0,0,0,,0,0,0,0,0,0,0,0,,0,0,0,0,0,1,1,0,1,0,0,0
Worcester Polytechnic Institute,United States,Graduate,"engineering, mechanical engineering, biomedical engineering",400,3.3,315.0,6.5,42000,52.0,"Robotics, Biomedical, Materials",1,50,4,4,14000,56000,1,0,,0,0,0,0,0,1,0,0,1,0,0,0,0,0,1,0,0,0,0,0,0,0,0,0,0,0,0,0,0,0,0,0,,0,0,0,0,0,0,0,0,,0,0,0,0,0,1,1,1,1,1,1,0
Aston University,United Kingdom,Graduate,"engineering, chemical engineering, mechanical engineering",480,3.0,0.0,6.0,18000,72.0,"Chemical, Mechanical, Biomedical",1,40,3,3,12000,30000,1,0,,0,0,0,0,0,1,0,0,1,0,0,0,0,0,1,0,0,0,0,0,0,0,0,0,0,0,0,0,0,0,0,0,,0,0,0,0,0,0,0,0,,0,0,0,0,0,1,1,0,1,0,1,0
University of Dundee,United Kingdom,Graduate,"engineering, civil engineering, biomedical engineering",470,3.0,0.0,6.0,19000,68.0,"Biomedical, Civil, Energy",1,40,3,3,11000,30000,1,0,,0,0,0,0,0,1,0,0,1,0,0,0,0,0,1,0,0,0,0,0,0,0,0,0,0,0,0,0,0,0,0,0,,0,0,0,0,0,0,0,0,,0,0,0,0,0,1,1,1,0,0,1,0
University of Portsmouth,United Kingdom,Graduate,"engineering, mechanical engineering, civil engineering",490,3.0,0.0,6.0,17000,75.0,"Mechanical, Civil, Electronic",1,30,3,3,11000,28000,1,0,,0,0,0,0,0,1,0,0,1,0,0,0,0,0,1,0,0,0,0,0,0,0,0,0,0,0,0,0,0,0,0,0,,0,0,0,0,0,0,0,0,,0,0,0,0,0,1,1,1,0,0,0,0
Brunel University London,United Kingdom,Graduate,"engineering, mechanical engineering, aerospace engineering",412,3.1,0.0,6.5,20000,65.0,"Mechanical, Aerospace, Electronic",1,40,4,3,13000,33000,1,0,,0,0,0,0,0,1,0,0,1,0,0,0,0,0,1,0,0,0,0,0,0,0,0,0,0,0,0,0,0,0,0,0,,0,0,0,0,0,0,0,0,,0,0,0,0,0,1,1,1,0,1,1,0
University of Plymouth,United Kingdom,Graduate,"engineering, civil engineering, mechanical engineering",500,3.0,0.0,6.0,16000,78.0,"Marine, Civil, Mechanical",1,30,3,3,10000,26000,1,0,,0,0,0,0,0,1,0,0,1,0,0,0,0,0,1,0,0,0,0,0,0,0,0,0,0,0,0,0,0,0,0,0,,0,0,0,0,0,0,0,0,,0,0,0,0,0,1,1,1,0,0,0,0
University of Hull,United Kingdom,Graduate,"engineering, chemical engineering, mechanical engineering",500,3.0,0.0,6.0,16000,80.0,"Chemical, Energy, Mechanical",1,30,3,3,10000,26000,1,0,,0,0,0,0,0,1,0,0,1,0,0,0,0,0,1,0,0,0,0,0,0,0,0,0,0,0,0,0,0,0,0,0,,0,0,0,0,0,0,0,0,,0,0,0,0,0,1,1,0,1,0,0,0
City University of London,United Kingdom,Graduate,"engineering, biomedical engineering, civil engineering",340,3.2,0.0,6.5,22000,55.0,"Aeronautics, Biomedical, Systems",1,40,4,3,14000,36000,1,0,,0,0,0,0,0,1,0,0,1,0,0,0,0,0,1,0,0,0,0,0,0,0,0,0,0,0,0,0,0,0,0,0,,0,0,0,0,0,0,0,0,,0,0,0,0,0,1,1,1,0,1,1,0
Heriot-Watt University,United Kingdom,Graduate,"engineering, petroleum engineering, chemical engineering",360,3.1,0.0,6.0,19000,62.0,"Petroleum, Chemical, Mechanical",1,40,4,3,12000,31000,1,0,,0,0,0,0,0,1,0,0,1,0,0,0,0,0,1,0,0,0,0,0,0,0,0,0,0,0,0,0,0,0,0,0,,0,0,0,0,0,0,0,0,,0,0,0,0,0,1,1,1,1,0,0,0
University of Salford,United Kingdom,Graduate,"engineering, civil engineering, mechanical engineering",500,3.0,0.0,6.0,16000,82.0,"Acoustic, Civil, Mechanical",1,30,3,3,10000,26000,1,0,,0,0,0,0,0,1,0,0,1,0,0,0,0,0,1,0,0,0,0,0,0,0,0,0,0,0,0,0,0,0,0,0,,0,0,0,0,0,0,0,0,,0,0,0,0,0,1,1,1,0,0,0,0
Northumbria University,United Kingdom,Graduate,"engineering, mechanical engineering, electrical engineering",460,3.0,0.0,6.0,17000,70.0,"Mechanical, Electrical, Renewable Energy",1,30,3,3,10000,27000,1,0,,0,0,0,0,0,1,0,0,1,0,0,0,0,0,1,0,0,0,0,0,0,0,0,0,0,0,0,0,0,0,0,0,,0,0,0,0,0,0,0,0,,0,0,0,0,0,1,1,0,0,0,0,0
University of New Brunswick,Canada,Graduate,"engineering, civil engineering, chemical engineering",500,3.0,0.0,6.5,15000,70.0,"Civil, Mechanical, Chemical",1,40,3,3,10000,25000,1,0,,0,0,0,0,0,1,0,0,1,0,0,0,0,0,1,0,0,0,0,0,0,0,0,0,0,0,0,0,0,0,0,0,,0,0,0,0,0,0,0,0,,0,0,0,0,0,1,1,1,1,0,0,0
University of Manitoba,Canada,Graduate,"engineering, civil engineering, electrical engineering",450,3.1,0.0,6.5,16000,65.0,"Civil, Biosystems, Electrical",1,40,4,3,11000,27000,1,0,,0,0,0,0,0,1,0,0,1,0,0,0,0,0,1,0,0,0,0,0,0,0,0,0,0,0,0,0,0,0,0,0,,0,0,0,0,0,0,0,0,,0,0,0,0,0,1,1,1,0,0,1,0
University of Saskatchewan,Canada,Graduate,"engineering, chemical engineering, civil engineering",460,3.1,0.0,6.5,15000,68.0,"Mining, Environmental, Chemical",1,40,4,3,10000,25000,1,0,,0,0,0,0,0,1,0,0,1,0,0,0,0,0,1,0,0,0,0,0,0,0,0,0,0,0,0,0,0,0,0,0,,0,0,0,0,0,0,0,0,,0,0,0,0,0,1,1,1,1,0,1,0
Memorial University of Newfoundland,Canada,Graduate,"engineering, civil engineering, mechanical engineering",500,3.0,0.0,6.5,12000,72.0,"Ocean, Civil, Process Engineering",1,40,3,3,10000,22000,1,0,,0,0,0,0,0,1,0,0,1,0,0,0,0,0,1,0,0,0,0,0,0,0,0,0,0,0,0,0,0,0,0,0,,0,0,0,0,0,0,0,0,,0,0,0,0,0,1,1,1,0,0,0,0
Lakehead University,Canada,Graduate,"engineering, civil engineering, electrical engineering",500,3.0,0.0,6.5,14000,75.0,"Civil, Mechanical, Electrical",1,30,3,3,10000,24000,1,0,,0,0,0,0,0,0,0,0,1,0,0,0,0,0,1,0,0,0,0,0,0,0,0,0,0,0,0,0,0,0,0,0,,0,0,0,0,0,0,0,0,,0,0,0,0,0,1,1,1,1,0,0,0
University of Windsor,Canada,Graduate,"engineering, mechanical engineering, industrial engineering",480,3.0,0.0,6.5,16000,68.0,"Automotive, Industrial, Environmental",1,40,3,3,11000,27000,1,0,,0,0,0,0,0,1,0,0,1,0,0,0,0,0,1,0,0,0,0,0,0,0,0,0,0,0,0,0,0,0,0,0,,0,0,0,0,0,0,0,0,,0,0,0,0,0,1,1,1,0,0,0,1
University of Regina,Canada,Graduate,"engineering, petroleum engineering, industrial engineering",500,3.0,0.0,6.5,14000,75.0,"Petroleum, Environmental, Industrial",1,40,3,3,10000,24000,1,0,,0,0,0,0,0,1,0,0,1,0,0,0,0,0,1,0,0,0,0,0,0,0,0,0,0,0,0,0,0,0,0,0,,0,0,0,0,0,0,0,0,,0,0,0,0,0,1,1,0,0,0,0,1
Carleton University,Canada,Graduate,"engineering, aerospace engineering, electrical engineering",400,3.2,0.0,6.5,20000,55.0,"Aerospace, Biomedical, Electrical",1,50,4,3,12000,32000,1,0,,0,0,0,0,0,1,0,0,1,0,0,0,0,0,1,0,0,0,0,0,0,0,0,0,0,0,0,0,0,0,0,0,,0,0,0,0,0,0,0,0,,0,0,0,0,0,1,1,1,0,1,1,0
Royal Military College of Canada,Canada,Graduate,"engineering, mechanical engineering, chemical engineering",500,3.1,0.0,6.5,10000,40.0,"Mechanical, Chemical, Electrical",1,100,4,4,10000,20000,1,0,,0,0,0,0,0,0,0,0,1,0,0,0,0,0,1,0,0,0,0,0,0,0,0,0,0,0,0,0,0,0,0,0,,0,0,0,0,0,0,0,0,,0,0,0,0,0,1,1,1,1,0,0,0
Toronto Metropolitan University,Canada,Graduate,"engineering, biomedical engineering, electrical engineering",480,3.1,0.0,6.5,22000,55.0,"Biomedical, Electrical, Industrial",1,40,3,3,14000,36000,1,0,,0,0,0,0,0,1,0,0,1,0,0,0,0,0,1,0,0,0,0,0,0,0,0,0,0,0,0,0,0,0,0,0,,0,0,0,0,0,0,0,0,,0,0,0,0,0,1,1,1,1,1,1,1
Flinders University,Australia,Graduate,"engineering, biomedical engineering, electrical engineering",400,3.0,0.0,6.0,28000,70.0,"Biomedical, Environmental, Electronics",1,40,3,3,14000,42000,1,0,,0,0,0,0,0,1,0,0,1,0,0,0,0,0,1,0,0,0,0,0,0,0,0,0,0,0,0,0,0,0,0,0,,0,0,0,0,0,0,0,0,,0,0,0,0,0,0,1,1,0,0,1,0
La Trobe University,Australia,Graduate,"engineering, civil engineering, electrical engineering",450,3.0,0.0,6.0,30000,72.0,"Civil, Electronics, Biomedical",1,40,3,3,14000,44000,1,0,,0,0,0,0,0,1,0,0,1,0,0,0,0,0,1,0,0,0,0,0,0,0,0,0,0,0,0,0,0,0,0,0,,0,0,0,0,0,0,0,0,,0,0,0,0,0,0,1,1,0,0,1,0
Murdoch University,Australia,Graduate,"engineering, chemical engineering, electrical engineering",490,3.0,0.0,6.0,27000,78.0,"Renewable Energy, Chemical, Electrical",1,30,3,3,13000,40000,1,0,,0,0,0,0,0,1,0,0,1,0,0,0,0,0,1,0,0,0,0,0,0,0,0,0,0,0,0,0,0,0,0,0,,0,0,0,0,0,0,0,0,,0,0,0,0,0,0,1,0,1,0,0,1
University of Southern Queensland,Australia,Graduate,"engineering, mechanical engineering, civil engineering",500,3.0,0.0,6.0,25000,82.0,"Mechanical, Civil, Agricultural",1,30,3,3,12000,37000,1,0,,0,0,0,0,0,1,0,0,1,0,0,0,0,0,1,0,0,0,0,0,0,0,0,0,0,0,0,0,0,0,0,0,,0,0,0,0,0,0,0,0,,0,0,0,0,0,1,1,1,0,0,0,0
Charles Darwin University,Australia,Graduate,"engineering, civil engineering, mechanical engineering",500,3.0,0.0,6.0,25000,85.0,"Civil, Mechanical, Environmental",1,30,3,3,13000,38000,1,0,,0,0,0,0,0,0,0,0,1,0,0,0,0,0,1,0,0,0,0,0,0,0,0,0,0,0,0,0,0,0,0,0,,0,0,0,0,0,0,0,0,,0,0,0,0,0,1,1,1,0,0,0,0
Victoria University,Australia,Graduate,"engineering, mechanical engineering, electrical engineering",490,3.0,0.0,6.0,26000,75.0,"Mechanical, Electrical, Civil",1,30,3,3,14000,40000,1,0,,0,0,0,0,0,1,0,0,1,0,0,0,0,0,1,0,0,0,0,0,0,0,0,0,0,0,0,0,0,0,0,0,,0,0,0,0,0,0,0,0,,0,0,0,0,0,1,1,1,0,0,0,0
University of Canberra,Australia,Graduate,"engineering, electrical engineering, computer science",480,3.0,0.0,6.0,28000,70.0,"Software, Electrical, Cyber Security",1,30,3,3,14000,42000,1,0,,0,0,0,0,0,1,0,0,1,0,0,0,0,0,1,0,0,0,0,0,0,0,0,0,0,0,0,0,0,0,0,0,,0,0,0,0,0,0,0,0,,0,0,0,0,0,0,1,0,0,0,0,0
Edith Cowan University,Australia,Graduate,"engineering, mechanical engineering, civil engineering",490,3.0,0.0,6.0,27000,78.0,"Cybersecurity, Mechanical, Civil",1,30,3,3,13000,40000,1,0,,0,0,0,0,0,1,0,0,1,0,0,0,0,0,1,0,0,0,0,0,0,0,0,0,0,0,0,0,0,0,0,0,,0,0,0,0,0,0,0,0,,0,0,0,0,0,1,1,1,0,0,0,0
James Cook University,Australia,Graduate,"engineering, chemical engineering, civil engineering",460,3.0,0.0,6.0,28000,72.0,"Environmental, Chemical, Marine",1,40,3,3,13000,41000,1,0,,0,0,0,0,0,1,0,0,1,0,0,0,0,0,1,0,0,0,0,0,0,0,0,0,0,0,0,0,0,0,0,0,,0,0,0,0,0,0,0,0,,0,0,0,0,0,1,1,1,1,0,0,0
University of the Sunshine Coast,Australia,Graduate,"engineering, civil engineering, mechanical engineering",500,3.0,0.0,6.0,25000,85.0,"Civil, Mechanical, Environmental",1,25,3,3,12000,37000,1,0,,0,0,0,0,0,1,0,0,1,0,0,0,0,0,1,0,0,0,0,0,0,0,0,0,0,0,0,0,0,0,0,0,,0,0,0,0,0,0,0,0,,0,0,0,0,0,1,0,1,0,0,0,0
Western Sydney University,Australia,Graduate,"engineering, mechanical engineering, civil engineering",470,3.0,0.0,6.0,29000,72.0,"Mechanical, Civil, Renewable Energy",1,35,3,3,14000,43000,1,0,,0,0,0,0,0,1,0,0,1,0,0,0,0,0,1,0,0,0,0,0,0,0,0,0,0,0,0,0,0,0,0,0,,0,0,0,0,0,0,0,0,,0,0,0,0,0,1,1,1,0,0,0,1
Griffith University,Australia,Graduate,"engineering, civil engineering, electronic engineering",380,3.1,0.0,6.5,30000,65.0,"Civil, Electronic, Biomedical",1,40,3,3,14000,44000,1,0,,0,0,0,0,0,1,0,0,1,0,0,0,0,0,1,0,0,0,0,0,0,0,0,0,0,0,0,0,0,0,0,0,,0,0,0,0,0,0,0,0,,0,0,0,0,0,1,1,1,0,0,1,0
University of Tasmania,Australia,Graduate,"engineering, civil engineering, mechanical engineering",417,3.0,0.0,6.0,29000,68.0,"Marine, Civil, Environmental",1,40,4,3,12000,41000,1,0,,0,0,0,0,0,1,0,0,1,0,0,0,0,0,1,0,0,0,0,0,0,0,0,0,0,0,0,0,0,0,0,0,,0,0,0,0,0,0,0,0,,0,0,0,0,0,1,1,1,0,0,0,0
TU Hamburg,Germany,Graduate,"engineering, mechanical engineering, chemical engineering",400,3.1,,6.0,2000,50.0,"Mechanical, Civil, Chemical Process",1,50,4,3,11000,13000,1,0,,0,0,0,0,0,0,0,0,1,0,0,0,0,0,1,0,0,0,0,0,0,0,0,0,0,0,0,0,0,0,0,0,,0,0,0,0,0,0,0,0,,0,0,0,0,0,1,1,1,1,0,0,0
Leibniz University Hannover,Germany,Graduate,"engineering, mechanical engineering, electrical engineering",350,3.1,,6.0,2000,48.0,"Mechanical, Civil, Electrical, Geodesy",1,50,5,3,10000,12000,1,0,,0,0,0,0,0,1,0,0,1,0,0,0,0,0,1,0,0,0,0,0,0,0,0,0,0,0,0,0,0,0,0,0,,0,0,0,0,0,0,0,0,,0,0,0,0,0,1,1,1,1,0,1,0
TU Kaiserslautern,Germany,Graduate,"engineering, mechanical engineering, electrical engineering",420,3.0,,6.0,1500,55.0,"Mechanical, Electrical, Computer Science",1,50,4,3,9000,10500,1,0,,0,0,0,0,0,0,0,0,1,0,0,0,0,0,1,0,0,0,0,0,0,0,0,0,0,0,0,0,0,0,0,0,,0,0,0,0,0,0,0,0,,0,0,0,0,0,1,1,0,0,0,0,0
University of Rostock,Germany,Graduate,"engineering, mechanical engineering, aerospace engineering",480,3.0,,6.0,1500,60.0,"Mechanical, Electrical, Aerospace",1,50,4,3,8000,9500,1,0,,0,0,0,0,0,0,0,0,1,0,0,0,0,0,1,0,0,0,0,0,0,0,0,0,0,0,0,0,0,0,0,0,,0,0,0,0,0,0,0,0,,0,0,0,0,0,1,1,0,0,1,0,0
University of Magdeburg,Germany,Graduate,"engineering, mechanical engineering, chemical engineering",470,3.0,,6.0,1500,58.0,"Mechanical, Chemical, Process Engineering",1,50,4,3,8000,9500,1,0,,0,0,0,0,0,0,0,0,1,0,0,0,0,0,1,0,0,0,0,0,0,0,0,0,0,0,0,0,0,0,0,0,,0,0,0,0,0,0,0,0,,0,0,0,0,0,1,1,0,1,0,1,1
Karlsruhe University of Applied Sciences,Germany,Graduate,"engineering, mechanical engineering, electrical engineering",500,3.0,,6.0,1500,65.0,"Mechanical, Electrical, Automotive",1,40,3,3,10000,11500,1,0,,0,0,0,0,0,1,0,0,1,0,0,0,0,0,1,0,0,0,0,0,0,0,0,0,0,0,0,0,0,0,0,0,,0,0,0,0,0,0,0,0,,0,0,0,0,0,1,1,1,0,0,0,0
University of Bayreuth,Germany,Graduate,"engineering, materials engineering, chemical engineering",440,3.1,,6.0,2000,52.0,"Materials, Energy, Chemical",1,50,4,3,9000,11000,1,0,,0,0,0,0,0,1,0,0,1,0,0,0,0,0,1,0,0,0,0,0,0,0,0,0,0,0,0,0,0,0,0,0,,0,0,0,0,0,0,0,0,,0,0,0,0,0,1,1,0,1,0,1,0
Brandenburg University of Technology,Germany,Graduate,"engineering, civil engineering, environmental engineering",500,3.0,,6.0,1500,68.0,"Environmental, Civil, Mechanical",1,50,3,3,8000,9500,1,0,,0,0,0,0,0,0,0,0,1,0,0,0,0,0,1,0,0,0,0,0,0,0,0,0,0,0,0,0,0,0,0,0,,0,0,0,0,0,0,0,0,,0,0,0,0,0,1,1,1,0,0,0,0
University of Siegen,Germany,Graduate,"engineering, mechanical engineering, electrical engineering",500,3.0,,6.0,1500,60.0,"Mechanical, Electrical, Materials",1,50,3,3,8000,9500,1,0,,0,0,0,0,0,1,0,0,1,0,0,0,0,0,1,0,0,0,0,0,0,0,0,0,0,0,0,0,0,0,0,0,,0,0,0,0,0,0,0,0,,0,0,0,0,0,1,1,0,0,0,0,0
University of Paderborn,Germany,Graduate,"engineering, mechanical engineering, electrical engineering",460,3.0,,6.0,1500,55.0,"Mechanical, Electrical, Computer",1,50,4,3,9000,10500,1,0,,0,0,0,0,0,1,0,0,1,0,0,0,0,0,1,0,0,0,0,0,0,0,0,0,0,0,0,0,0,0,0,0,,0,0,0,0,0,0,0,0,,0,0,0,0,0,1,1,0,1,0,0,0
University of Ulm,Germany,Graduate,"engineering, electrical engineering, biomedical engineering",370,3.1,,6.0,2000,48.0,"Electrical, Biomedical, Microelectronics",1,50,5,3,10000,12000,1,0,,0,0,0,0,0,0,0,0,1,0,0,0,0,0,1,0,0,0,0,0,0,0,0,0,0,0,0,0,0,0,0,0,,0,0,0,0,0,0,0,0,,0,0,0,0,0,0,1,0,1,0,1,0
TU Ilmenau,Germany,Graduate,"engineering, electrical engineering, mechanical engineering",500,3.0,,6.0,1500,62.0,"Electrical, Mechanical, Precision Engineering",1,50,4,3,7000,8500,1,0,,0,0,0,0,0,0,0,0,1,0,0,0,0,0,1,0,0,0,0,0,0,0,0,0,0,0,0,0,0,0,0,0,,0,0,0,0,0,0,0,0,,0,0,0,0,0,1,1,0,0,0,1,0
University of Duisburg-Essen,Germany,Graduate,"engineering, mechanical engineering, civil engineering",380,3.1,,6.0,2000,52.0,"Mechanical, Civil, Nanoscience",1,50,4,3,10000,12000,1,0,,0,0,0,0,0,1,0,0,1,0,0,0,0,0,1,0,0,0,0,0,0,0,0,0,0,0,0,0,0,0,0,0,,0,0,0,0,0,0,0,0,,0,0,0,0,0,1,1,1,0,0,1,1
